lead_id,patient_id,campaign_id,lead_date,engagement_score,converted_to_appointment,booked_appt_date
LM0G8W85Y,PWLC33H8G,CV0DSZRK6,2025-06-14,55,0,
L6Q8SJY5O,PGG5GR0XA,CV0DSZRK6,2025-01-21,89,0,
LP9LBSMWP,PTB74RS7G,CV0DSZRK6,2025-02-15,40,0,
LQ82K8RYQ,PDWWO8NBH,CV0DSZRK6,2024-08-21,14,0,
LF8WXKK2A,POYC3RWQM,CV0DSZRK6,2025-04-05,50,1,2025-05-01
LBKVBLPXA,PWKSHY8NB,CV0DSZRK6,2025-05-29,56,0,
LJMK4X1FD,PFTLO4QDB,CV0DSZRK6,2025-04-28,66,0,
LJ9HVCHRM,PLMH1T939,CV0DSZRK6,2025-05-12,14,0,
L3WP8DJKL,P153SFLSE,CV0DSZRK6,2024-09-06,50,1,2024-09-29
LUYLUYHET,PW9HEYCE4,CV0DSZRK6,2025-03-20,60,1,2025-03-26
LKDUWTN5P,P3JPXGH30,CV0DSZRK6,2024-08-14,56,0,
LEPL7ZQPP,PN8LFJDTV,CV0DSZRK6,2024-10-12,43,0,
LOAU8P1WK,PU3FG00ZK,CV0DSZRK6,2025-03-08,22,0,
LISETUK1O,P4FCL5EFJ,CV0DSZRK6,2025-03-09,46,0,
LOA35QBB3,PGG5GR0XA,CV0DSZRK6,2025-05-10,43,0,
LXMDKRLC0,PIJKCU5X0,CV0DSZRK6,2025-06-18,31,0,
LY0BHF0RI,PLFZKICWM,CV0DSZRK6,2025-01-29,32,0,
LY4KL9ARY,PF90KM3TZ,CV0DSZRK6,2024-08-06,64,0,
LEAVEDHR3,PEF828XG8,CV0DSZRK6,2024-10-21,80,0,
LPCEO934T,POKEP7Y6W,CV0DSZRK6,2025-02-20,65,0,
L3Y4WPWG3,PBBB0HQ6D,CV0DSZRK6,2025-02-28,67,0,
LXG0TRKY8,PROYR6CCV,CV0DSZRK6,2025-02-25,54,0,
LRYOZDPPB,PZSX0GNZH,CV0DSZRK6,2025-06-07,67,0,
LQUAKX6WB,P9OI0D4DM,CV0DSZRK6,2025-05-28,42,0,
L68Q0J9M4,PIJKCU5X0,CV0DSZRK6,2024-09-04,45,0,
LSMZOCXMZ,PI9G5DZX5,CV0DSZRK6,2024-08-16,47,0,
LMZ2K1KO6,PKCD0RLEX,CV0DSZRK6,2025-04-28,64,0,
LXNQXU71S,PC8NOG85D,CV0DSZRK6,2025-04-24,49,0,
LEL8MWOB4,POWT9NM3V,CV0DSZRK6,2025-06-21,72,0,
LFDD7R193,PJQ7W7JP6,CV0DSZRK6,2024-10-14,54,0,
L0I6G61PC,P422TA83R,CV0DSZRK6,2025-03-03,35,0,
LWE4C1V47,PQPGB7R3O,CV0DSZRK6,2024-09-08,27,0,
LLZN9UHJP,PIZZQY72W,CV0DSZRK6,2025-07-23,64,0,
LKHF33GUW,PT7ZEWVIY,CV0DSZRK6,2024-08-02,49,0,
LYH36MOTC,P1T2TALA7,CV0DSZRK6,2024-08-28,68,0,
LG06XR3UR,P5407K5W1,CV0DSZRK6,2025-02-04,53,0,
LMWUECPNC,P7LN23Y30,CV0DSZRK6,2025-03-05,43,0,
LC2KEIVLI,P2MOVS0CD,CV0DSZRK6,2024-10-22,49,0,
L77JZC58C,PVFFQOT8H,CV0DSZRK6,2025-01-28,32,0,
LU47SOCZD,P4EX6U86Z,CV0DSZRK6,2024-10-07,65,0,
LQ7JBMJM1,POM2ZKF5B,CV0DSZRK6,2025-01-16,45,0,
LFT07X5IC,PG2QZW3C1,CV0DSZRK6,2024-10-05,76,0,
L86Z1B98V,P8P6FVDHR,CV0DSZRK6,2024-09-08,75,1,2024-10-04
LWCT8JBBS,P9YECAZRP,CV0DSZRK6,2024-10-24,84,0,
LXPK48AB1,PFFCXHGNZ,CV0DSZRK6,2024-09-18,32,0,
L3T4Y0TB1,PQI2CLP81,CV0DSZRK6,2025-04-01,55,1,2025-04-15
LZPPEP69N,PEUC1HH5L,CV0DSZRK6,2024-08-02,33,0,
LGPCIVI05,PWLXDSC4E,CV0DSZRK6,2025-02-27,70,0,
L2U9AZ3CE,PBTGDJZ0I,CV0DSZRK6,2024-08-29,50,0,
LGBMXIKVR,PYP04K43S,CV0DSZRK6,2025-04-04,81,1,2025-04-09
LECJTR0M6,PUIJNWPAY,CV0DSZRK6,2024-11-08,62,0,
LHZ72KXSJ,PVF0JQQNV,CV0DSZRK6,2024-10-01,66,0,
LZSB6ZWKH,PFTLO4QDB,CV0DSZRK6,2024-12-21,82,0,
LE9I0HN3F,PKKZMPJRH,CV0DSZRK6,2025-01-17,71,1,2025-02-15
L9ZXQERBK,P1R11Q7UW,CV0DSZRK6,2025-01-19,47,0,
LN3DKVR5N,P12PGYME6,CV0DSZRK6,2024-10-14,18,0,
LBHGPBKTM,PLJEFY3ZB,CV0DSZRK6,2025-06-16,87,1,2025-06-26
LAV6763V1,P8MTK0RSO,CV0DSZRK6,2025-02-26,22,0,
LM3PP00CD,P2Z0LJCH2,CV0DSZRK6,2024-09-21,89,0,
LNZY47QUU,PQKBHB7S9,CV0DSZRK6,2025-05-27,38,0,
LSFN07EA2,P70S1F537,CV0DSZRK6,2025-05-16,44,0,
L8DITMOWN,PN48UACT4,CV0DSZRK6,2024-08-30,51,0,
LX23VEULJ,POQW9JA2M,CV0DSZRK6,2025-04-10,41,1,2025-05-06
LGQPQ8R4H,P6GMDRDSF,CV0DSZRK6,2024-10-01,67,0,
LC7JVLCG1,PORK1DJRW,CV0DSZRK6,2025-03-19,92,0,
LJ5EWFWBE,PR1NECQOR,CV0DSZRK6,2025-06-07,57,1,2025-06-09
LBY4UBZCZ,P4ZQFEZKF,CV0DSZRK6,2024-12-08,59,0,
LJJY4MZVM,PNZ0NXU43,CV0DSZRK6,2025-06-29,35,0,
LCPSILN3O,PAXEQBNHL,CV0DSZRK6,2025-04-13,90,0,
LX5FL2MOX,PCVS4F8CG,CV0DSZRK6,2025-01-09,45,0,
LQ9WFB76A,PV78HU7F0,CV0DSZRK6,2024-09-24,51,0,
LV3S2SUMH,PE9VIFTTD,CV0DSZRK6,2024-08-03,42,0,
L3B0N9CC7,P0IB3WYZX,CV0DSZRK6,2025-05-26,49,0,
LISUTP04S,PCWI64CIY,CV0DSZRK6,2025-06-01,80,0,
LBRSPJ4KI,PK7ORFQLA,CV0DSZRK6,2025-07-25,89,0,
LI1NQ0EI0,PV4KFQ5DZ,CV0DSZRK6,2024-12-24,25,0,
L5NMS6XVQ,PM90PKR1I,CV0DSZRK6,2024-11-22,48,0,
LPU3ET1OV,P9MX2X18H,CV0DSZRK6,2024-08-30,64,0,
LEJKLCP9U,PDG1WJUII,CV0DSZRK6,2025-06-24,83,0,
LW165AEJT,PEQE5158O,CV0DSZRK6,2024-09-09,44,0,
L70EBPY9E,PWX0I3A4K,CV0DSZRK6,2025-01-17,75,0,
L576MOUZE,PRUNJDU0I,CV0DSZRK6,2025-02-04,2,0,
L66VW9B0M,PF8KRD5EQ,CV0DSZRK6,2024-08-16,88,0,
LQOQ4KREG,PTB74RS7G,CV0DSZRK6,2024-08-26,46,0,
L167D6VNX,PPWBSF3Q0,CV0DSZRK6,2025-01-24,39,0,
LNPSV8DKM,PQ3JZR25M,CV0DSZRK6,2024-08-22,15,0,
LU6U4PLLG,PS8NN16UX,CV0DSZRK6,2025-07-19,55,0,
LF309HSUW,P92TP6QAQ,CV0DSZRK6,2025-03-30,45,1,2025-04-25
LDKEJP5K7,P69UGNEKR,CV0DSZRK6,2024-12-12,14,0,
L917XFH41,PFHRXJPT2,CV0DSZRK6,2025-01-13,0,1,2025-01-31
LA68T2A3A,P9S3W563B,CV0DSZRK6,2025-06-26,50,1,2025-07-25
LH7U0S3KD,PVBGR8W2M,CV0DSZRK6,2025-02-02,100,0,
LZ4PPJ590,PSXKJKMPL,CV0DSZRK6,2024-12-18,62,0,
LEMC20LSJ,P01NOUHTC,CV0DSZRK6,2025-05-05,52,0,
LWS1ZL7P7,PDYT9MOGE,CV0DSZRK6,2024-10-28,31,0,
L2L4X5BWA,P6SM5RRVS,CV0DSZRK6,2025-03-21,52,0,
LEN7YJF30,PW3GI60Q6,CV0DSZRK6,2024-09-21,49,0,
LKH5840AC,P7NIDP9MG,CV0DSZRK6,2025-04-26,52,0,
LUHGPJNVW,PXVA1NKBT,CV0DSZRK6,2025-06-22,48,0,
LRXGKIKR2,P4KZREZRD,CV0DSZRK6,2025-02-08,53,0,
LOMRDE51K,PIVH6T1NT,CV0DSZRK6,2024-12-17,64,0,
L8LXEQLEZ,P7875AUD9,CV0DSZRK6,2024-12-07,33,0,
LZ1R2ROIK,P2BC2NNUV,CV0DSZRK6,2025-06-29,72,0,
LS62C1JLO,P5LXO6QJI,CV0DSZRK6,2025-05-20,60,0,
LPO6J0M3L,PLL9RZRKB,CV0DSZRK6,2025-01-21,72,0,
LOUFHW8WL,PWE3DKS4F,CV0DSZRK6,2024-12-21,77,0,
LVA02DZ61,PYB7W8P74,CV0DSZRK6,2025-03-03,29,0,
LTXSNHFT4,PSNBTI22N,CV0DSZRK6,2024-08-31,30,0,
LI26LH07B,P9KWV08HH,CV0DSZRK6,2025-06-30,51,0,
LA7DORFKI,POKEP7Y6W,CV0DSZRK6,2025-05-31,51,1,2025-06-03
L1IJE2XE0,PE64SKBCB,CV0DSZRK6,2025-05-21,70,0,
LJDCZ1OA3,PG983AMB3,CV0DSZRK6,2025-04-06,60,0,
LVF02GVLL,PU7MYOW8D,CV0DSZRK6,2024-09-13,53,0,
LSAJHJXQK,P1G983EP9,CV0DSZRK6,2024-08-17,56,0,
LD8UR6TIA,P7NIDP9MG,CV0DSZRK6,2025-04-05,64,0,
LRONTDI9O,PDQZ05EV5,CV0DSZRK6,2025-03-03,65,0,
LINUXL39D,P8DALFYO1,CV0DSZRK6,2024-11-07,56,0,
LG5RIFWR0,P937XNCML,CV0DSZRK6,2025-03-04,54,0,
LUI1JLMFL,PX74D0GJY,CV0DSZRK6,2024-11-23,41,0,
LUOAY12TL,POS6ZLE6K,CV0DSZRK6,2024-08-31,24,0,
LXLZS49CD,P8TV4REAS,CV0DSZRK6,2024-08-27,72,0,
LZN1F0FP8,PDTBH55RB,CV0DSZRK6,2025-07-25,34,0,
LBPG2R0TO,PF8KRD5EQ,CV0DSZRK6,2025-07-07,62,0,
LKPK7YSWN,P7P9MDA9O,CV0DSZRK6,2025-04-12,52,0,
LXFSHWZSJ,PMJSRD9Q4,CV0DSZRK6,2024-11-29,38,0,
LQ77Z4ES3,P0Q2LG1ZH,CV0DSZRK6,2025-01-16,62,0,
LAOFC9LGY,PA7TZ0YNC,CV0DSZRK6,2024-08-13,34,0,
LTLCQFMUI,PDN1MXF1P,CV0DSZRK6,2024-09-17,64,0,
LW7J35VLW,P6KHUB2RT,CV0DSZRK6,2025-04-18,55,0,
LOJTXCF0K,PBUGR6E7G,CV0DSZRK6,2025-07-25,66,0,
LJD2V1L1V,PLA8S8HMB,CV0DSZRK6,2025-06-05,65,0,
LJ35YRG29,PJ84RX6PR,CV0DSZRK6,2024-10-08,64,0,
LD2FF5L6B,PBA75UUZP,CV0DSZRK6,2025-02-28,43,0,
LSPXLSEUN,P5CRI8BIX,CV0DSZRK6,2025-06-28,62,0,
LNRLST548,PFRML29Q2,CILCG6FAR,2025-04-24,49,0,
L84Z4UR2Y,P2LNGIXMC,CILCG6FAR,2024-11-08,37,0,
LUPMANQY0,PV5G10UR5,CILCG6FAR,2024-11-09,59,0,
LHU97NG0A,P60SRYZX7,CILCG6FAR,2024-08-29,36,0,
LPSALDNJ7,PSWK8TEMP,CILCG6FAR,2025-06-02,51,0,
LVBJRBZJW,PHR07N8VO,CILCG6FAR,2024-09-28,37,0,
L83579WRR,PRE4V9KYP,CILCG6FAR,2024-12-01,11,0,
L513BB6F0,PJ7DPFSSB,CILCG6FAR,2024-12-17,44,0,
L5EP4CWCD,PD32LX2TO,CILCG6FAR,2024-11-26,55,0,
LT9GWA44L,PG8Q3GCG1,CILCG6FAR,2025-02-07,29,0,
LZ6V7S7O4,PUIJNWPAY,CILCG6FAR,2024-10-14,65,1,2024-11-04
LYC3S0DPJ,PT8CQ1XGB,CILCG6FAR,2025-01-18,39,0,
LHSG04AJM,PTP7BD4W1,CILCG6FAR,2025-06-02,53,0,
LMUZUQED0,P2RNTJLMZ,CILCG6FAR,2024-10-08,96,0,
LGV812HNC,P60SRYZX7,CILCG6FAR,2024-11-09,3,0,
L0I4X6G1E,P79460KHF,CILCG6FAR,2024-12-24,48,1,2025-01-12
LBZGFLIG5,PJD3IH66W,CILCG6FAR,2024-11-03,38,0,
LGKZJRUMX,P08UHBXLB,CILCG6FAR,2025-03-02,26,1,2025-03-14
LQW3B4NTH,PF90KM3TZ,CILCG6FAR,2025-04-15,45,0,
LZM32HZS3,P4N89QKNS,CILCG6FAR,2025-07-03,45,0,
L2D1JQBEX,PV9IW6L01,CILCG6FAR,2025-01-05,49,0,
LGFVNNVBZ,PPKYRYBOV,CILCG6FAR,2025-06-22,37,0,
LW5APMXD6,P7UJODCK8,CILCG6FAR,2025-05-17,74,0,
LLQGA3QUP,PXC45BNCC,CILCG6FAR,2025-02-19,82,0,
LO4JNMYK8,PYP04K43S,CILCG6FAR,2025-03-22,56,1,2025-04-20
L516SP18O,POHP6VZ41,CILCG6FAR,2024-09-11,74,0,
LBS7587H9,PQWNRHZN4,CILCG6FAR,2025-05-07,34,0,
L1EL88L12,P5GRO9X49,CILCG6FAR,2024-11-26,21,0,
LQFAF5KCI,PRTEO2T8F,CILCG6FAR,2025-04-18,21,0,
LHDIY4NRM,PV1MZB3I4,CILCG6FAR,2025-07-20,32,0,
LQYZ6Y3Z1,PKMALQ5U6,CILCG6FAR,2025-05-20,27,0,
LDE1E1630,PWE776VGT,CILCG6FAR,2024-12-05,25,0,
LPOCR0VHV,P2YGNMBY4,CILCG6FAR,2024-09-22,45,0,
L1NM3V16X,P2ELALQ26,CILCG6FAR,2024-12-10,78,1,2024-12-22
LEGHPMXPK,PXYJOA21A,CILCG6FAR,2025-01-03,81,1,2025-01-15
LN3B8PFY4,P3T60RJIW,CILCG6FAR,2025-03-11,17,0,
LQCYD52AL,P1AU9DSAV,CILCG6FAR,2025-04-20,34,0,
LUNQR8O1K,PTLCXLVPY,CILCG6FAR,2025-05-17,18,0,
LJWV2QNRM,P7ZJ3SWEB,CILCG6FAR,2025-02-26,72,0,
LTN29TNYF,P4REGB1AJ,CILCG6FAR,2025-01-20,71,0,
LM7VH30QB,PPTHOWQ1G,CILCG6FAR,2024-09-08,46,0,
LKERN6YJM,P3XLRFCD6,CILCG6FAR,2025-07-02,59,0,
LK3TGMALW,P53AYEQAH,CILCG6FAR,2024-12-25,49,0,
LVMB0IDD0,PL68NTK63,CILCG6FAR,2025-03-01,36,0,
LWPJ8YI34,P4V1QX8ER,CILCG6FAR,2025-07-23,93,0,
L0SQCNF9W,PNZ3A8V4X,CILCG6FAR,2025-04-15,1,1,2025-04-21
L5N9C70PA,P31XBIDFW,CILCG6FAR,2025-03-09,49,0,
L8JX54PEG,P8L0HG9NC,CILCG6FAR,2025-04-15,43,0,
LJKS4I2NR,P53LC58DR,CILCG6FAR,2025-03-14,56,0,
L1P02JYV6,PE2GJR81B,CILCG6FAR,2025-02-16,40,0,
LYJOAOEJV,PN8LFJDTV,CILCG6FAR,2025-03-24,75,0,
L9LHALCKZ,P1X7OV6SG,CILCG6FAR,2025-03-25,46,0,
L3VWLO7AM,PVZHQJY62,CILCG6FAR,2025-05-16,70,0,
LMPQ0HZYJ,PPKIANOUO,CILCG6FAR,2025-05-15,74,0,
LB48WUMH9,P9S3W563B,CILCG6FAR,2024-11-06,64,0,
LNKLYBWGM,PM72QLGDV,CILCG6FAR,2024-10-26,53,0,
LP9A9URI7,PGG0V5DTA,CILCG6FAR,2024-10-23,52,0,
LEV4DH9UG,PH61IAOIM,CILCG6FAR,2025-06-19,61,0,
LF10OO1PV,P7PQ4DDV2,CILCG6FAR,2025-05-29,59,1,2025-06-14
LLND581LT,P7OQ2ZDO7,CILCG6FAR,2024-08-08,46,1,2024-08-11
LO4RQ3Q7G,PKKHZLM72,CILCG6FAR,2025-06-06,43,0,
LKTMQG6NX,PBXANJ4X5,CILCG6FAR,2025-07-14,81,0,
L9OWWEW9V,PIRY8XNY2,CILCG6FAR,2025-04-30,82,0,
L08LIUQDN,PN48UACT4,CILCG6FAR,2025-06-04,57,0,
L05XT54FN,P1T2TALA7,CILCG6FAR,2024-11-21,32,0,
L5G77LK6H,PRWR965R9,CILCG6FAR,2025-02-02,29,0,
LQIV929SE,P3E54N6O9,CILCG6FAR,2024-11-29,56,0,
LVL7FQ8AB,PCWI64CIY,CILCG6FAR,2025-05-03,48,0,
LY595CPJZ,PLX6DUT07,CILCG6FAR,2024-08-12,52,0,
LE1XTAR0K,PG983AMB3,CILCG6FAR,2025-01-24,66,1,2025-02-04
LO31NZSXP,PS8314Y2L,CILCG6FAR,2024-09-22,25,0,
LEFJ31EGO,P89I9GX32,CILCG6FAR,2025-06-08,40,0,
LM62HDXC6,PODSX4NXV,CILCG6FAR,2025-05-13,51,0,
LRIJKQ2ZU,PWLC33H8G,CILCG6FAR,2025-05-18,27,0,
LV1FKHNNK,P4U9BXF44,CILCG6FAR,2025-02-12,75,0,
L8FWRPK0Z,PV84FC3XQ,CILCG6FAR,2024-12-13,64,0,
LFKNWBHKV,P5CF72GNN,CILCG6FAR,2024-11-01,56,0,
LJZ09OWGM,PMJSRD9Q4,CILCG6FAR,2024-11-11,60,0,
LF4LN5RGS,P1B0Z3NX3,CILCG6FAR,2025-07-28,56,0,
LG6A8MLIK,P0IB3WYZX,CILCG6FAR,2024-10-29,44,0,
L22XMQ664,PDFOVD79C,CILCG6FAR,2025-05-19,68,0,
L42SIHXOD,PDO0D3FVN,CILCG6FAR,2024-12-23,53,0,
LLCTT058C,PJDN8EZP7,CILCG6FAR,2024-12-21,27,0,
LUIJ0YXIY,PTWBOZD1A,CILCG6FAR,2024-09-02,69,0,
LQBVTDG3C,P4SX27DCB,CILCG6FAR,2025-03-12,30,0,
L6SCIVUQT,PGCSOTDHH,CILCG6FAR,2025-07-13,80,0,
L2LWHEDHT,PWHEF0VOT,CILCG6FAR,2025-03-17,67,0,
LHRUU5E51,P8TV4REAS,CILCG6FAR,2025-07-29,87,1,2025-08-11
LH3WQA1VR,P9700LFQF,CILCG6FAR,2024-11-07,45,0,
LGSS8K5IJ,PJ4PNJY1O,CILCG6FAR,2025-06-23,55,0,
LULP98RL9,PQYEZG52K,CILCG6FAR,2024-09-06,87,0,
LQFCPK7PW,P9PTK4GC4,CILCG6FAR,2024-10-25,62,1,2024-11-11
LTG21HSLT,PUOV51ZLB,CILCG6FAR,2025-07-03,71,0,
LDKVUFF12,POB7NUGPJ,CILCG6FAR,2025-03-26,82,0,
L4VF89X22,PTA5IVROC,CILCG6FAR,2025-07-28,41,0,
LJ7Q4KFMM,PV1ZOCFI4,CILCG6FAR,2024-10-03,16,0,
L0QPOP1O8,PEFQJG02U,CILCG6FAR,2024-12-23,61,0,
LM291AZHZ,PRYG9RDPX,CILCG6FAR,2025-01-13,49,0,
LKNL2LUHH,PCJG8VUAZ,CILCG6FAR,2025-05-27,75,0,
LS4DILRZQ,PG0L3RTZ5,CILCG6FAR,2024-10-18,38,0,
L8BXY6RKV,PUB4O47EN,CILCG6FAR,2025-07-11,16,0,
LNDXJN7DE,PSNBTI22N,CILCG6FAR,2025-03-12,30,0,
L0L1OFFKH,PI7P5TB94,CILCG6FAR,2025-04-06,73,0,
LDIU1JTKA,P32ORWIXZ,CILCG6FAR,2025-02-26,19,0,
L1C2ZL46Q,PRUNJDU0I,CILCG6FAR,2025-04-01,54,0,
L5GQQLYZJ,P0UHK7X3B,CILCG6FAR,2025-01-31,85,0,
L0AEOORBT,PNF7C3DD0,CILCG6FAR,2024-12-11,58,0,
L6SAPBS22,P04X0QZFH,CILCG6FAR,2025-06-10,41,0,
LRUW0U92T,PT7O75RH8,CILCG6FAR,2025-02-08,20,0,
L24D7V911,PXJN6FOKZ,CILCG6FAR,2025-05-03,59,1,2025-05-10
LPJQ50XCX,PMJDIMBM2,CILCG6FAR,2024-12-01,32,0,
LMSY3PAUA,PXFGCAQVK,CILCG6FAR,2024-09-03,94,1,2024-09-29
L3AIPJIYL,PH62MYZ9V,CILCG6FAR,2024-09-15,18,0,
LQX1UM55F,PIR4COWGZ,CILCG6FAR,2024-11-26,40,0,
L1HGAV42T,P9LNY2SVH,CMGJCY4V8,2025-02-07,60,0,
L8LLIHKPJ,P6QD0771H,CMGJCY4V8,2025-06-01,78,0,
L7HME6P4N,PZL15S74N,CMGJCY4V8,2025-01-16,41,0,
LP00NQOHN,PEUC1HH5L,CMGJCY4V8,2024-08-14,58,0,
L3DG60E1E,PLU3NDZ3C,CMGJCY4V8,2024-09-05,25,0,
LRV0LG92M,P3XLRFCD6,CMGJCY4V8,2024-08-28,68,0,
LJEQA2O4M,PJ6VV8SUO,CMGJCY4V8,2025-06-03,57,0,
L84P4K9DX,PKGMIH6MV,CMGJCY4V8,2024-11-09,44,0,
LOQ8JXLFI,PXPHX2KBV,CMGJCY4V8,2024-10-04,49,0,
LUEFZ1C25,P7E8G8JDP,CMGJCY4V8,2025-02-04,10,0,
LXNOFG780,P1JRJ5XFE,CMGJCY4V8,2025-07-20,63,0,
L3G5DFRLW,P750CEHLX,CMGJCY4V8,2025-04-23,62,0,
L6JL2L5B5,P1HM38KSZ,CMGJCY4V8,2024-10-19,22,0,
L6BNVSFA6,P7N8LA100,CMGJCY4V8,2024-08-28,36,0,
LD9ER94TE,PASIFPWIO,CMGJCY4V8,2025-07-20,42,1,2025-07-31
LVWLQ6EXN,PLX6DUT07,CMGJCY4V8,2025-05-11,49,0,
LWZR04HHE,PY36DDFGS,CMGJCY4V8,2025-05-14,6,0,
L7ICDO5DI,PHKBM00E9,CMGJCY4V8,2024-08-10,29,0,
LGXL9YSU5,PE64SKBCB,CMGJCY4V8,2025-02-14,29,1,2025-03-03
L1EPXU7B6,PCNBH6NQQ,CMGJCY4V8,2024-08-20,60,0,
LNBHGFB2F,P31YHXSO7,CMGJCY4V8,2025-07-22,41,0,
LLURMW3UQ,PJZ6US7RP,CMGJCY4V8,2025-05-08,55,0,
LHWTEK17M,PP3JK8XNL,CMGJCY4V8,2025-05-17,65,0,
L6J3RTXYM,P3OBYGHGK,CMGJCY4V8,2025-07-16,66,0,
LSCNX8EIQ,PVI109DCN,CMGJCY4V8,2024-08-01,33,0,
LETK5LP9C,PCCPRHVLZ,CMGJCY4V8,2025-06-02,55,1,2025-06-23
L5SO79H4H,PL48C1CQG,CMGJCY4V8,2025-06-21,64,0,
LA0MVF4S2,P0DL5E11E,CMGJCY4V8,2025-01-13,51,0,
LNI8TNDFW,P5TGSQ7AI,CMGJCY4V8,2025-06-22,28,1,2025-07-18
LW41F7V4K,PG2QZW3C1,CMGJCY4V8,2024-11-19,11,0,
L88K686QE,PQVINDH4S,CMGJCY4V8,2025-03-29,57,1,2025-04-27
L7AJUL7W8,PCWBFUK9E,CMGJCY4V8,2025-06-27,57,0,
LCOF3138I,PYX9TRFLQ,CMGJCY4V8,2025-07-11,29,0,
L2XOG4C8J,PYJ38XRG2,CMGJCY4V8,2024-08-26,42,0,
L6E07FPY1,PDYMS1MWN,CMGJCY4V8,2025-03-05,67,0,
LAELDWQXK,PCUA09PCI,CMGJCY4V8,2024-12-22,37,0,
LE0QC96MJ,P0FGZVRCT,CMGJCY4V8,2025-05-14,45,0,
L9N6EQV5Y,PHHLK3YJZ,CMGJCY4V8,2025-01-29,22,0,
L21ID9VVN,P1LFC1NLC,CMGJCY4V8,2025-03-18,51,0,
L5X48PW5K,PU7MYOW8D,CMGJCY4V8,2025-01-15,18,0,
L0JJSP49C,P153SFLSE,CMGJCY4V8,2024-12-16,56,1,2024-12-30
LD3IRVXD2,PZ7CN0EQW,CMGJCY4V8,2024-09-07,39,1,2024-09-24
LZU4NS7NV,PDPDXUJJC,CMGJCY4V8,2025-04-10,55,0,
LV28UE1MY,POJRPP7R9,CMGJCY4V8,2025-05-12,31,0,
L6PO0M24U,PJL6L91F4,CMGJCY4V8,2025-06-06,51,1,2025-06-14
LS73W1YAU,PR17DPUBK,CMGJCY4V8,2025-01-17,6,0,
LA8D7204J,POKEP7Y6W,CMGJCY4V8,2025-04-10,20,0,
L3M9IQBQ9,PAZ5UH80Q,CMGJCY4V8,2025-03-08,100,0,
LJ2H1TLOM,PQO1VSMAD,CMGJCY4V8,2025-07-08,70,0,
L344MW04I,PMWU4CFIL,CMGJCY4V8,2024-12-20,70,0,
L3DZXLRGN,PKTLZKJ49,CMGJCY4V8,2025-01-12,2,0,
LJZM3618L,PKJXJQ5NV,CMGJCY4V8,2025-05-03,44,0,
LEU6ZU1TO,PYVDQBSXL,CMGJCY4V8,2024-12-14,37,0,
LZHDV5OJZ,PGFLIJI18,CMGJCY4V8,2025-01-19,44,0,
LTO7D835K,P4REGB1AJ,CMGJCY4V8,2025-03-28,68,0,
LUC9PBTYJ,PK83TQLL8,CMGJCY4V8,2025-07-06,52,0,
LR39IIXHA,PV2Y4XKSS,CMGJCY4V8,2024-08-04,95,0,
LIAW4OTUO,PT7ZEWVIY,CMGJCY4V8,2024-10-16,67,0,
L4UW590Z9,PKTOC1YFM,CMGJCY4V8,2024-09-08,62,0,
L2JN67LM8,POB5APO4L,CMGJCY4V8,2025-05-02,73,1,2025-05-19
LE49ITE92,PUJV6OH9S,CMGJCY4V8,2025-04-02,15,0,
LSRL3VZZX,P3RSVZ2E1,CMGJCY4V8,2025-02-21,49,0,
LT9QUBWRP,PX7EEDTJV,CMGJCY4V8,2024-10-23,62,1,2024-10-24
L8GUUCM5F,PTB74RS7G,CMGJCY4V8,2024-12-30,71,1,2025-01-12
LYCZU80ZR,PWKSHY8NB,CMGJCY4V8,2024-09-12,41,0,
LZ79HQTYL,PCD31NRXD,CMGJCY4V8,2024-08-03,70,0,
LU58FTYLA,PTMOFMMWI,CMGJCY4V8,2024-09-28,61,0,
LVZME9WT0,P6G5G79OR,CMGJCY4V8,2024-10-02,71,0,
L0IV1GGXR,PH61IAOIM,CMGJCY4V8,2025-05-13,14,0,
LED8U8NOZ,PVYFYK3MD,CMGJCY4V8,2024-08-15,56,0,
LEMDMZ5RG,PCEQFGAS0,CMGJCY4V8,2024-11-02,89,0,
LOI9WM1SA,P7493DXWO,CMGJCY4V8,2025-06-14,40,0,
LV9CNG8TA,PTXUYUCEC,CMGJCY4V8,2025-04-06,92,0,
LNA6U48GW,PAHULWJTI,CMGJCY4V8,2024-10-14,75,0,
LGHM56VU6,PH2M5ZJA8,CMGJCY4V8,2024-10-27,24,1,2024-10-29
LZ5GF3BBT,PTWDL9ZS1,CMGJCY4V8,2024-12-28,29,0,
L873LKMGS,PCVS4F8CG,CMGJCY4V8,2024-09-24,45,1,2024-10-02
L6RV9777T,PRGYBXKPM,CMGJCY4V8,2025-04-29,71,0,
LNQETMNI3,PVFX2ZVL9,CMGJCY4V8,2025-02-09,61,0,
LGOM6736Z,P1T2TALA7,CMGJCY4V8,2024-11-10,63,0,
L4DSXLSUT,P51OB537Q,CMGJCY4V8,2025-07-04,50,0,
LOTHLQH7P,PL5U7NTED,CMGJCY4V8,2024-09-18,72,0,
LPCADUVL9,PKTOC1YFM,CMGJCY4V8,2024-11-21,69,0,
L11ZSB8LV,P6APFXI5N,CMGJCY4V8,2024-10-22,31,0,
L6TX0TBKG,P6G5G79OR,CMGJCY4V8,2025-07-23,67,1,2025-08-12
L8B350SGN,PK6Z0HR9T,CMGJCY4V8,2024-12-09,9,1,2024-12-18
LZ6D86ZCH,PVFUA9BQ1,CMGJCY4V8,2025-05-06,37,1,2025-05-22
LHXA7HY7A,PDV37IC0L,CMGJCY4V8,2024-08-09,42,0,
LI33993N4,PL9LN1P0V,CMGJCY4V8,2025-02-07,70,0,
LBFIY5PU5,PS8NN16UX,CMGJCY4V8,2024-12-19,38,0,
LWH50JYOO,PN8LFJDTV,CMGJCY4V8,2024-11-18,43,0,
LK63RVWOZ,PMK2ZYZSI,CMGJCY4V8,2024-12-30,54,0,
LQXIWE6RG,PKEH5SW22,CMGJCY4V8,2024-12-26,30,0,
LL7JY7OTK,P9FTAXP0W,CMGJCY4V8,2025-07-31,74,0,
LUDE358TR,P8RIEC4D1,CMGJCY4V8,2025-03-17,44,0,
LE9QDI3G1,PIE3LVO0I,CMGJCY4V8,2024-08-25,69,0,
L3IWPFVB7,P4YK1B3D5,CMGJCY4V8,2024-12-04,87,0,
L1GHLU8M8,P2ELALQ26,CMGJCY4V8,2024-10-28,31,0,
L7MHXOFKC,PVTN4YPKW,CMGJCY4V8,2025-02-25,67,0,
LGGXP5CIT,P6QDY4LMC,CMGJCY4V8,2025-06-24,67,0,
LUF8CYOTW,P9AAWE429,CMGJCY4V8,2024-08-09,48,0,
LG7NFDINU,PPNF8F3GR,CMGJCY4V8,2024-12-22,17,0,
L31EIWUCX,P02GRXPUD,CMGJCY4V8,2025-02-02,62,0,
L67XKWQ0Y,PB1QX6GVW,CMGJCY4V8,2025-02-23,49,0,
LWM9Q7FTM,P15Z8VMUH,CMGJCY4V8,2024-12-30,76,0,
LFWG895NA,PUNLPAIH0,CMGJCY4V8,2025-07-05,68,0,
L2FQZTIO4,P961J88QE,CMGJCY4V8,2025-03-03,57,0,
LM7PP0PNN,PHT2XZ52O,CMGJCY4V8,2024-08-23,53,0,
LLO0HHGH5,P4T60PLOZ,CMGJCY4V8,2025-06-17,55,1,2025-06-18
LXW6T1OXH,PBBB0HQ6D,CMGJCY4V8,2025-07-12,38,0,
LFDXK31WB,PL68NTK63,CMGJCY4V8,2025-02-23,78,0,
LHTFNSGPY,PKZ40AQ15,CMGJCY4V8,2025-02-10,40,0,
LNYJ0UFO2,PPFG8PJVR,CMGJCY4V8,2025-05-24,24,0,
LHOQ5E7L7,PY620N8TT,CMGJCY4V8,2024-10-12,73,0,
LW05Y2DA5,PXYJOA21A,CMGJCY4V8,2024-12-16,39,0,
LB4L6HFH4,P4REGB1AJ,CMGJCY4V8,2025-04-11,62,0,
LN6V3RZKD,P46AYN2D7,CMGJCY4V8,2024-10-09,29,1,2024-10-30
LU6FOTWFT,PO50DW1MF,CMGJCY4V8,2025-06-26,72,0,
LQ9Y69XFQ,PC2GUWJP0,CMGJCY4V8,2024-11-13,52,0,
L1ENNGAY3,P5ELTFEBE,CMGJCY4V8,2025-04-10,15,0,
L7VG688U5,PEKNTBZ3M,CMGJCY4V8,2025-03-30,63,0,
L95CEKOF9,PWWIIF86L,CMGJCY4V8,2025-03-01,59,0,
L2Y8LZ8CV,P2ELALQ26,CMGJCY4V8,2024-10-31,58,1,2024-11-13
L2A6PG4GK,P2MOVS0CD,CMGJCY4V8,2025-06-13,46,0,
LS6R6BILQ,PB9XV8WOB,CMGJCY4V8,2025-03-06,63,0,
LPB01QCTE,PPFDRWB2S,CMGJCY4V8,2024-08-16,82,1,2024-09-10
L9W0AN6NB,PA08EKXDR,CMGJCY4V8,2025-06-23,62,0,
LYZM242OM,PYJ3D6M1F,CMGJCY4V8,2024-10-11,51,0,
L7ZTRJ67D,PU8EL5015,CMGJCY4V8,2025-03-22,53,0,
LXLSE33DC,PCW2LBM2Q,CMGJCY4V8,2025-07-31,29,0,
LNF225AA3,PG8TACY15,CMGJCY4V8,2024-12-09,38,0,
L5WFW5Q52,PCDYK0X65,CMGJCY4V8,2025-05-04,62,0,
LDEZH0CD8,PCAGRP2U4,CMGJCY4V8,2025-01-10,59,0,
LA2IBCLTR,PGZ7CTM09,CMGJCY4V8,2024-11-04,52,0,
LH9VGKY5C,PLX6DUT07,CMGJCY4V8,2024-10-22,96,1,2024-11-12
LGAGHFT9Z,P0VTKRRVW,CMGJCY4V8,2024-11-26,34,0,
LZCGL9FWV,PBA75UUZP,CMGJCY4V8,2025-04-28,60,0,
LVSKP30TX,PM90PKR1I,CMGJCY4V8,2024-10-12,100,0,
L8J1CCM0W,PVB99RWTF,CMGJCY4V8,2024-10-31,42,0,
L3C1ZA0DV,P4K0LTHY2,CMGJCY4V8,2024-10-12,86,0,
L6NYYCJ4Q,PNKB4EHOU,CMGJCY4V8,2024-10-17,35,0,
L0RR1L9GV,PA3IDY3C7,CMGJCY4V8,2025-07-10,61,0,
LBMQQ749Q,P1G983EP9,CMGJCY4V8,2024-12-27,44,0,
L6QF1PAFL,P9BP4M18O,CMGJCY4V8,2025-02-27,76,1,2025-03-12
L9WOA2XGV,P9BOQ0IQ2,CMGJCY4V8,2025-04-30,55,0,
LGDOFMAOK,PWLC33H8G,CMGJCY4V8,2024-09-30,25,0,
L8TIR0P8F,PWE776VGT,CMGJCY4V8,2025-06-19,0,0,
L8C8CLRKI,PWWIIF86L,CMGJCY4V8,2024-10-28,17,0,
L72OALFWY,PNDFDW79W,CMGJCY4V8,2024-10-28,78,0,
LPEEK035N,PRIUU9K9X,CMGJCY4V8,2025-04-14,96,0,
L8CQPHLI5,PU3FG00ZK,CMGJCY4V8,2025-05-24,58,0,
LL692TULG,P493WXA73,CMGJCY4V8,2025-04-28,81,0,
LELW8IVI3,PMXLVZ4QK,CMGJCY4V8,2025-07-25,52,0,
LRQASD1WC,P53AYEQAH,CMGJCY4V8,2025-06-30,65,0,
LRV68JQ12,PM0L2LJK4,CMGJCY4V8,2025-03-11,53,0,
LJF4CIWL3,P8CGN0T6D,CMGJCY4V8,2025-05-14,17,0,
LRFJL9VT3,PBGL2MCXN,CMGJCY4V8,2025-05-10,62,0,
LX8VE00H2,PP6MKT7S1,CMGJCY4V8,2025-06-09,64,1,2025-06-16
LK2P3AJFA,P9AAWE429,CMGJCY4V8,2025-07-31,44,0,
LX1CQ6FWT,P1X7OV6SG,CMGJCY4V8,2025-07-14,47,0,
LV1DJJZQF,PVBGR8W2M,CMGJCY4V8,2025-02-24,52,1,2025-03-03
LE8E5TNLZ,PWXRUM2LH,CMGJCY4V8,2024-12-02,67,0,
LTWXOL4BK,PDBDW2PCN,CMGJCY4V8,2025-04-06,49,0,
LUU5CZECC,P2R9PEGLN,CMGJCY4V8,2025-04-27,71,0,
LFS7I19MO,PMOXSFH4G,CMGJCY4V8,2025-06-16,80,1,2025-06-20
L1RTSXOF3,PO7VBHH5O,CMGJCY4V8,2024-11-22,49,0,
L3QE6JIXU,PXYJOA21A,CMGJCY4V8,2024-10-04,100,0,
LB4IBHIF5,PW2EOWLCF,CMGJCY4V8,2025-01-04,23,0,
LSL1YA1RY,PASIFPWIO,CMGJCY4V8,2025-07-03,28,1,2025-07-18
LZTBVHUAZ,P3T60RJIW,CMGJCY4V8,2025-03-06,87,0,
LUN6FHT60,PU0ENV5SN,CMGJCY4V8,2024-10-09,22,0,
LKUSFHVML,PRWK8R2YK,CMGJCY4V8,2025-02-14,47,1,2025-03-10
LJEKBVXSO,PFTLO4QDB,CMGJCY4V8,2025-07-13,49,0,
LGB205HU0,PBBXUX1OX,CMGJCY4V8,2024-12-06,58,0,
L3Y53MBWU,PC9H42M44,CMGJCY4V8,2025-03-14,57,0,
L5JSLHGMR,POGWLACOL,CMGJCY4V8,2024-09-17,53,1,2024-10-04
LZZQO17RV,PAFYH1FKJ,CMGJCY4V8,2025-04-14,43,0,
L2Y7CDABB,PE63LBQGU,CMGJCY4V8,2025-05-16,49,0,
LAJAQ08DN,PYAR821UZ,CMGJCY4V8,2025-01-05,30,0,
LX80NKXKB,PDLUGHT7E,CMGJCY4V8,2024-09-17,65,0,
LEFQ796EW,PLLWB7SJW,CMGJCY4V8,2024-10-28,47,1,2024-10-29
L8257GE0Q,P2ZUEUGWU,CMGJCY4V8,2025-01-07,59,0,
L5ZJAUCYH,PDPPQ0Y9D,CMGJCY4V8,2024-08-02,60,0,
LONBPQGA6,PW5WFCPKJ,CMGJCY4V8,2024-12-23,70,0,
LX85ZZHJY,PB0OIH5CS,CMGJCY4V8,2025-06-28,66,1,2025-07-16
L8GY39BU4,PU5WRYESU,CMGJCY4V8,2024-12-09,48,0,
LUZ2Z0KDN,P51OB537Q,CMGJCY4V8,2025-05-20,5,0,
L3TN60TLX,PCJWTL9TQ,CMGJCY4V8,2025-04-28,44,0,
LOUN91FY6,PIXZAREIY,CMGJCY4V8,2024-10-27,36,0,
LYO8DJE7X,PSPOFV177,CMGJCY4V8,2025-03-02,60,0,
LQTY6M79F,P9E7EOBJL,CMGJCY4V8,2025-04-28,25,1,2025-05-25
LMW04U923,PEDTCXNMJ,CMGJCY4V8,2025-03-02,88,0,
LO359TSUJ,PWMBXEK0Q,CMGJCY4V8,2025-05-29,39,0,
LT70Y2RL4,PA6S5ZXQO,CMGJCY4V8,2025-01-07,67,0,
LN7S3HMO1,PWE776VGT,CMGJCY4V8,2024-09-15,55,0,
LDXQ46GA2,PB5JFYSYZ,CMGJCY4V8,2024-10-19,68,1,2024-11-15
LSDFC8IO3,PPHR62GDS,CMGJCY4V8,2025-06-06,55,0,
LTD3ABEG1,PKBP2QD6V,CMGJCY4V8,2024-08-17,31,0,
LCJ8PMOZK,PHKBM00E9,CMGJCY4V8,2024-11-25,48,0,
LNHPVRWBR,POFN1R4KZ,CMGJCY4V8,2024-11-23,21,0,
LBLBZ5NTD,PI8F34GAD,CMGJCY4V8,2024-10-20,59,0,
LYWM8RABR,PXVH7KATQ,CMGJCY4V8,2024-12-28,44,0,
L6RTC0Z7Q,PR2F5T82D,CMGJCY4V8,2025-07-22,39,0,
L0I9BL14H,PGYSPENGW,CMGJCY4V8,2025-06-18,37,0,
LOAE527PS,P63YK03O4,CMGJCY4V8,2025-02-05,52,1,2025-03-04
LQZN7XBVZ,PBTR23QIU,CMGJCY4V8,2024-08-02,8,0,
LR6KFKLDF,PR8WM9LBB,CMGJCY4V8,2025-02-21,41,0,
L4HRA1361,P3JONOU9I,CMGJCY4V8,2025-02-11,20,0,
LBGMY4IQZ,P2GKFL5XF,CMGJCY4V8,2024-09-23,71,0,
L6DF08UPN,P79460KHF,CMGJCY4V8,2025-07-04,32,0,
LZASYWDRK,PFRML29Q2,CMGJCY4V8,2024-08-31,92,1,2024-09-16
LUPCJ8MO7,PQVDK6DRN,CMGJCY4V8,2024-08-11,79,0,
L65EFUXQ9,PEHLH07JR,CMGJCY4V8,2025-01-23,92,0,
LNJC2GOUI,PJOQW5DSK,CMGJCY4V8,2024-09-16,36,0,
LFEZAC2EX,PEN606N9R,CMGJCY4V8,2025-07-03,70,0,
LVA5E742G,PG84D4R9V,CMGJCY4V8,2024-12-12,66,0,
LRRDNWT2F,PEUC1HH5L,CMGJCY4V8,2025-04-25,73,0,
LES5CS9UI,PTP7BD4W1,CMGJCY4V8,2025-04-11,25,0,
L14NIJCP5,P6ZS62YWE,CMGJCY4V8,2025-06-10,68,0,
L2AY7OV50,PDTBH55RB,CMGJCY4V8,2024-09-26,32,0,
LEW25X1FV,PG585I87X,CMGJCY4V8,2025-04-14,25,0,
LK1PBCD6F,PWAJ1G1R1,CMGJCY4V8,2024-08-21,12,0,
LXNOQ37KT,P2XG8P6BE,CMGJCY4V8,2024-11-21,46,1,2024-12-01
LLL8SN5YZ,PGZ7CTM09,CMGJCY4V8,2025-06-16,70,0,
L7VXUQDRM,P08UHBXLB,CMGJCY4V8,2024-11-24,36,0,
LSWJJJKSL,POMUWAHK2,CMGJCY4V8,2025-04-17,86,0,
L66UML3SO,PYMYRSVZN,CMGJCY4V8,2024-12-07,61,0,
LJPX16F1K,PZ7CN0EQW,CMGJCY4V8,2025-02-02,67,0,
LYNTL2UG0,PHZBGTJ54,CMGJCY4V8,2024-11-08,41,0,
L5WH23GXR,P79460KHF,CMGJCY4V8,2025-07-12,41,1,2025-07-26
LIRJUTFVJ,PPNSM43D8,CMGJCY4V8,2025-03-21,66,0,
L839AG77Q,PYTJUQ7X7,CMGJCY4V8,2025-05-04,64,0,
L9VJUHBP9,P5TGSQ7AI,CMGJCY4V8,2024-11-30,57,0,
LVRNEGN2B,PSE99F77L,CMGJCY4V8,2024-10-27,53,0,
L4JTJ27YH,P2MOVS0CD,CMGJCY4V8,2025-04-01,49,0,
L6UAMWJPI,P1V2ISQP4,CMGJCY4V8,2024-12-25,44,0,
LWUJT4FTL,PJQYJV84A,CMGJCY4V8,2024-12-20,61,0,
LH33HW8D0,PFHRXJPT2,CMGJCY4V8,2025-07-19,76,0,
L9JRD4HQF,PDPDXUJJC,CMGJCY4V8,2025-07-24,64,0,
LGHDILUVN,PO091C795,CMGJCY4V8,2025-01-08,75,0,
LHDCZP0NW,PR0JY32HO,CMGJCY4V8,2025-02-21,5,0,
LNTJ5R2SL,PROYR6CCV,CMGJCY4V8,2024-10-13,61,0,
LRW4VNZVZ,PMVNCZTZO,CMGJCY4V8,2024-10-26,55,0,
LN2HLOIKI,PT2M6TWD1,CMGJCY4V8,2025-03-13,53,0,
LVQA7IZQ2,P5XYFC4KL,CMGJCY4V8,2024-12-29,63,0,
LNMNR06DJ,PDFOVD79C,CMGJCY4V8,2024-11-04,70,1,2024-11-11
LIN9RG4XV,PN2QB6GS8,CMGJCY4V8,2024-12-03,77,0,
L349N1D6D,PGGY5KOV1,CMGJCY4V8,2024-12-10,55,0,
LZBC7QK4K,PUIJNWPAY,CMGJCY4V8,2025-04-17,67,0,
L6ILSIDBX,PBA75UUZP,CMGJCY4V8,2025-01-08,56,0,
L287GT76I,PX7PTX63C,CMGJCY4V8,2024-09-11,78,0,
L3HZCD3GE,P153SFLSE,CMGJCY4V8,2025-03-22,63,0,
LQ10F7IA4,P7TW1PUWS,CMGJCY4V8,2024-11-14,78,0,
L1SASCEBF,PFXLOZ2RC,CMGJCY4V8,2025-03-30,36,0,
LE54UKIGD,PBFA37DL9,CMGJCY4V8,2024-12-19,82,0,
LIX1CNAQ2,POM5IGQPK,CMGJCY4V8,2024-11-20,90,1,2024-12-09
LYOTOS87M,PRC85EHPZ,CMGJCY4V8,2024-10-24,50,0,
LVZ01SOSR,PKTLZKJ49,CMGJCY4V8,2024-10-11,59,0,
L2HVNKVON,PZERYF099,CMGJCY4V8,2025-04-15,30,0,
LNLHAPWF5,P5CRI8BIX,CMGJCY4V8,2024-08-20,46,0,
L20XKIAIP,PRGYBXKPM,CMGJCY4V8,2025-07-16,40,0,
LRQQ5QOB8,PTB9XXAYP,CMGJCY4V8,2024-10-26,71,0,
L67KBQNXP,PIXZAREIY,CMGJCY4V8,2025-04-21,89,0,
LVMSR75RM,PK9W9PFB3,CMGJCY4V8,2024-11-29,35,0,
LG7F9FZJA,PFOI0RS21,CMGJCY4V8,2024-11-18,100,0,
LHSAO2QWK,PD8CLW3JG,CMGJCY4V8,2024-10-10,72,0,
LBSEPR1B2,PQESUX9L0,CMGJCY4V8,2025-07-10,74,0,
L0UC87NXP,P0VTKRRVW,CMGJCY4V8,2024-09-26,55,0,
L0JF6DNOB,P253J2D54,CMGJCY4V8,2025-01-31,52,0,
LK8HUP3FT,PO7VBHH5O,CMGJCY4V8,2024-08-10,47,0,
LJ6AC4JRC,P1G983EP9,CMGJCY4V8,2025-07-14,26,0,
LQ97RCQ6W,PZ7CN0EQW,CMGJCY4V8,2025-07-02,46,0,
L948JU63L,PJUIS2GY9,CMGJCY4V8,2025-05-05,39,1,2025-05-14
LXSY4VY32,PBTR23QIU,CMGJCY4V8,2025-05-10,82,0,
LI3PJ7K99,PGO8JN42X,CMGJCY4V8,2024-12-03,38,0,
LBV2J3T4H,P0BQ1S9RY,CMGJCY4V8,2024-08-01,90,0,
L8QFDTN0P,PN8LPY857,CMGJCY4V8,2024-12-14,57,1,2025-01-08
LLCFR7CL6,PKBRH7LAY,CMGJCY4V8,2025-06-21,57,0,
LP3FRB7EI,P874FRHOC,CMGJCY4V8,2024-11-03,65,0,
L5R8VO4KV,P3PT5R5RC,CMGJCY4V8,2024-12-24,43,0,
LFFLNCC2A,PY9V86WZS,CMGJCY4V8,2024-09-07,63,0,
LTRD83X9A,PUOV51ZLB,CMGJCY4V8,2025-06-30,66,0,
LGE9NY3MU,PMYX444NL,CMGJCY4V8,2025-06-04,26,0,
LB6LBU9W3,PPIQNHQE8,CMGJCY4V8,2024-10-15,43,0,
LGGO9DVWS,P0VTKRRVW,CMGJCY4V8,2025-06-24,53,0,
L3KCVJXZD,PEK4AEGVF,CMGJCY4V8,2025-04-25,63,0,
LVYB4XZ3M,P5XYFC4KL,CMGJCY4V8,2024-09-19,57,0,
LSKZO3I9L,P8P6FVDHR,CMGJCY4V8,2025-02-26,94,0,
LLIFFCVED,PKTOC1YFM,CMGJCY4V8,2024-08-17,53,0,
LQFC1YUZP,P9D31K9QM,CMGJCY4V8,2024-09-15,88,0,
LEX7TV7HR,PD84U89YJ,CMGJCY4V8,2024-11-02,48,0,
LBFGCB4JG,P7Y2ITL8N,CMGJCY4V8,2024-09-23,57,0,
LRXOZLEL8,PGC5WI6FQ,CMGJCY4V8,2024-10-25,31,0,
LPL6UZA28,PXHW0IC1L,CMGJCY4V8,2025-03-03,43,0,
LOR9F5IV8,P4T60PLOZ,CMGJCY4V8,2025-01-25,94,1,2025-02-16
L6ZP1WZ2N,PWCNKFHB7,CMGJCY4V8,2025-01-18,51,0,
LAR3SHLX0,PE63LBQGU,CMGJCY4V8,2025-04-17,71,1,2025-05-16
LST69WWP8,PPK0QTL3Q,CMGJCY4V8,2024-09-10,71,0,
L2QZTT1BL,PJE2AB2RV,CMGJCY4V8,2024-10-08,57,0,
LOW2R576V,P33MG1ZAQ,CMGJCY4V8,2024-08-30,46,0,
LILVQKXBI,PSQ0OXFQ8,CMGJCY4V8,2025-06-18,72,0,
L6JJTB8QO,PEAL2W37D,CMGJCY4V8,2025-05-20,28,0,
LP82J3TPS,PPKYRYBOV,CMGJCY4V8,2024-11-18,61,0,
L82XLVB9H,PBTR23QIU,CMGJCY4V8,2025-02-26,85,0,
LXKEI9ULT,P929U6WTV,CMGJCY4V8,2025-01-04,85,0,
LHYCX8AE0,PCD5GLQJ5,CMGJCY4V8,2025-04-14,64,1,2025-04-17
LJXYO6HFD,PHC8CAH3G,CMGJCY4V8,2024-08-15,60,0,
L7LTTC954,PQQYZQII4,CMGJCY4V8,2025-07-15,30,0,
LAI2278EQ,P9IER7U8H,CMGJCY4V8,2025-06-12,39,0,
LE12QEYKC,PHZ3ZSG9V,CMGJCY4V8,2025-06-26,44,0,
L2MNG806W,PYE0QZSA7,CMGJCY4V8,2025-03-23,34,0,
L819FMSYG,PQZCUCTSU,CMGJCY4V8,2024-10-29,59,0,
L91MMO1DS,PIRY8XNY2,CMGJCY4V8,2024-08-05,73,0,
L3HGW10C9,PLMH1T939,CMGJCY4V8,2024-10-30,34,0,
LIX6R1NXH,PYP04K43S,CMGJCY4V8,2025-07-05,74,0,
LBQAM97XO,PDYMS1MWN,CMGJCY4V8,2025-02-27,67,1,2025-03-08
L485D4VUE,P92TP6QAQ,CMGJCY4V8,2025-06-12,53,0,
LER90MWB4,PE088O98B,CMGJCY4V8,2025-06-26,48,1,2025-07-01
LLL3K4BK8,PX43WFSQG,CMGJCY4V8,2025-07-31,63,0,
LEJNFMOCT,P8RIEC4D1,CMGJCY4V8,2025-06-02,38,0,
LCLKA9LZ5,PA6S5ZXQO,CMGJCY4V8,2024-09-07,69,1,2024-09-18
L7V4NDJM5,PQ9K6RE4Q,CMGJCY4V8,2025-02-25,57,0,
LGH2IJ4TT,PMXLVZ4QK,CMGJCY4V8,2025-06-20,87,0,
L43TUYKTK,PF90KM3TZ,CMGJCY4V8,2024-12-15,100,0,
L61B7PXJB,PUH17J8QO,CMGJCY4V8,2024-10-29,59,0,
LC8VDRQNT,PRV7VSYJA,CMGJCY4V8,2024-08-28,40,0,
LJVU2CGXU,PXVHAGKC4,CMGJCY4V8,2024-09-25,64,0,
L5WAHZG85,PPWH0MX1E,CMGJCY4V8,2024-11-28,36,0,
LS9ASJ21G,PIE3LVO0I,CMGJCY4V8,2025-02-05,36,0,
LTCHYGTMO,PQZCUCTSU,CMGJCY4V8,2025-04-06,13,0,
LV6KI4EPX,PTP7BD4W1,CMGJCY4V8,2025-01-21,100,0,
LR9OGJEGX,PFXLOZ2RC,CMGJCY4V8,2024-08-18,71,0,
LEYEB900Y,PEAXYLNFX,CMGJCY4V8,2025-04-26,64,0,
LEH8UXZ3A,PBBXUX1OX,CMGJCY4V8,2025-02-04,30,0,
LDHF025LO,PIVXAN25W,CMGJCY4V8,2024-09-24,55,0,
LXYPHWHM5,PPJA1WJ0T,CMGJCY4V8,2025-04-26,62,0,
L4XR8PJPF,PVV4ZWL3Z,CMGJCY4V8,2025-06-17,92,0,
L240SHDKK,PHIE9EDE1,CMGJCY4V8,2024-08-05,55,0,
LG1R1CQKI,PRGYBXKPM,CMGJCY4V8,2024-12-19,55,0,
LH548JRPE,PD05JH2MK,CMGJCY4V8,2025-02-14,55,1,2025-03-11
L2XN9TXFJ,P4MQA78RA,CMGJCY4V8,2024-08-07,27,0,
LNJD5SLOC,P1CJFX5LI,CMGJCY4V8,2025-02-27,72,0,
L8D6JI874,PIEDD070E,CMGJCY4V8,2024-09-02,95,0,
LU77W9A8L,PKRZD5E9P,CMGJCY4V8,2024-08-03,55,0,
LYTUAGDL1,P4F2K1XER,CMGJCY4V8,2025-06-09,46,0,
LJ2VWY8UM,PM5HGBO06,CMGJCY4V8,2025-04-11,47,0,
LNW6L4M1T,PTKF6XDN8,CMGJCY4V8,2025-03-22,50,0,
LRPUYD6I5,PLI076A3K,CMGJCY4V8,2025-06-28,82,0,
LHO9CY9PE,PTP7BD4W1,CMGJCY4V8,2025-03-19,79,1,2025-04-16
L0HDJ7O9X,PWKSHY8NB,CMGJCY4V8,2025-03-13,55,0,
L66D7WDJV,PBL4CE7PK,CMGJCY4V8,2025-07-19,77,0,
L07IRJG10,PXJN6FOKZ,CMGJCY4V8,2025-03-23,19,0,
L7R925DSI,P433E1I1P,CMGJCY4V8,2025-01-14,29,0,
LUAZ71UF0,PFGOVCCI6,CMGJCY4V8,2024-09-23,24,0,
L9UYG3IBG,P6C2CU7ON,CMGJCY4V8,2024-08-25,69,0,
L3HKCQWB0,PWCYUKND1,CMGJCY4V8,2024-10-23,16,0,
L0N114PY4,POS6ZLE6K,CMGJCY4V8,2025-02-07,61,0,
LFNGBG4PD,P132AN417,CMGJCY4V8,2025-03-17,49,0,
LFCOPZFZZ,PXJN6FOKZ,CURID3U94,2025-01-01,53,0,
L5T6V8VLQ,PLORXDTG5,CURID3U94,2025-03-10,45,0,
L3VXHQG4Q,P3K8A7RV4,CURID3U94,2025-06-25,30,0,
LLV724HK1,PA08EKXDR,CURID3U94,2025-07-28,56,0,
LQDU2EB0T,PE13N3BZT,CURID3U94,2024-10-30,64,0,
L4UOXZ3BG,PVB99RWTF,CURID3U94,2024-09-01,79,0,
L52IB4TCT,PUDKTMONR,CURID3U94,2025-01-10,68,0,
LDSDJT3BR,PFS6HN95S,CURID3U94,2025-04-21,68,0,
L4F2ZDFPP,PR778NRXV,CURID3U94,2025-02-20,31,0,
LWC1QY9MB,PWHVNZH13,CURID3U94,2025-01-25,68,1,2025-01-27
LAAXA3BL1,P1G463SDY,CURID3U94,2025-07-09,27,0,
L3VCG8D2T,PDTBH55RB,CURID3U94,2025-02-28,69,0,
LN20VZ9LY,P2Y0OY58F,CURID3U94,2025-04-30,34,0,
L2SKKFTFY,PMJDXO100,CURID3U94,2025-04-06,28,0,
LTKS1F3KW,PRGYBXKPM,CURID3U94,2024-12-08,60,0,
LBNBPAVAJ,PGFLIJI18,CURID3U94,2025-04-17,42,0,
LIMMNSTOU,PAEA84HXX,CURID3U94,2024-12-06,65,0,
LIFJILXN3,PTGXNX4SN,CURID3U94,2024-08-31,5,0,
L2NBZWBHO,PV01ZDERI,CURID3U94,2025-05-06,37,0,
L4UW2AWW7,POB5APO4L,CURID3U94,2024-12-26,68,0,
L7GCJBEO4,PBXANJ4X5,CURID3U94,2025-01-09,87,0,
LEUTAWJ4G,PB34KUQAA,CURID3U94,2024-09-30,48,0,
L8R7SN1TC,PJI9KQDGB,CURID3U94,2025-04-06,23,0,
LJFCZWKGU,PV3DR2H2P,CURID3U94,2024-08-21,83,1,2024-09-08
LY0OFIPZN,PQQYZQII4,CURID3U94,2024-08-12,71,1,2024-08-13
L0THL2C53,PMQF7ZK94,CURID3U94,2025-02-08,43,0,
LK9OM115B,PN8LPY857,CURID3U94,2024-11-03,70,1,2024-11-11
LOIYMYK86,PGV3Z6BZ8,CURID3U94,2024-10-15,67,0,
LADNOKKU3,PBBXUX1OX,CURID3U94,2024-09-01,52,0,
LS710NUSG,P2FVB66H3,CURID3U94,2025-06-15,51,0,
L9L9Q3CYB,PPKYRYBOV,CURID3U94,2025-02-12,21,0,
LYC4I6H1M,PPPBMQIYF,CURID3U94,2024-10-25,34,0,
L3JLZOHFD,PYVDQBSXL,CURID3U94,2024-12-04,27,0,
LDVSZ2TVH,PVDZ4X1ZH,CURID3U94,2024-08-21,69,0,
LVWHHOLI5,PEUSWRGVZ,CURID3U94,2024-09-18,54,0,
L4087WS1L,PAXEQBNHL,CURID3U94,2025-07-06,48,0,
LOQSOT56A,PTGXNX4SN,CURID3U94,2025-05-09,15,1,2025-06-01
LG39BD2EE,P5935A0L7,CURID3U94,2024-09-10,25,0,
LV7INRZJK,P4ZQFEZKF,CURID3U94,2025-04-28,82,0,
L9E0OAWHN,P15IKPQAH,CURID3U94,2025-02-01,90,0,
L2ECLCES1,PDT94G8V9,CURID3U94,2025-05-19,47,0,
LKTIOR4V1,P48NYSJ5Y,CURID3U94,2025-05-19,45,0,
LOG07VSCQ,P448N7ODK,CURID3U94,2025-04-11,51,0,
LMPD7Z4KS,PBL4CE7PK,CURID3U94,2025-06-27,76,0,
LO03W2MRO,PH00A0UY9,CURID3U94,2025-02-04,51,0,
LP2BYEE2A,PXP9N56NY,CURID3U94,2025-06-17,70,0,
LBG9SHO5D,P9MQVAYXA,CURID3U94,2025-07-11,66,1,2025-07-15
L5AFQL0DG,P45BM1ENF,CURID3U94,2025-01-03,68,0,
LH6M3SGUR,P8TV4REAS,CURID3U94,2025-06-18,54,0,
L4PU6W93K,PTHD3IGK3,CURID3U94,2025-06-02,26,0,
L8EKT292M,PSWK8TEMP,CURID3U94,2024-08-19,35,0,
LI560TOHX,POM2ZKF5B,CURID3U94,2024-10-12,89,0,
LWEDNYA3S,PTGV44FTJ,CURID3U94,2025-05-01,57,0,
L9UCKU7ZQ,PVWWUSXLM,CURID3U94,2024-10-24,29,0,
LJ3OVU7PW,PHG5ZMTGA,CURID3U94,2024-12-01,29,0,
L35X3X10Y,P0YKNFU84,CURID3U94,2024-09-30,73,1,2024-10-02
L14DSF2UW,PVITWU3BF,CURID3U94,2024-08-05,65,0,
LUFUK15U2,PEHLH07JR,CURID3U94,2025-01-27,81,0,
L486D43I2,P3FEZEZ5E,CURID3U94,2025-04-22,51,0,
L1PU8BWAU,PKKV9RFTM,CURID3U94,2024-12-16,42,0,
LFXQP6XGH,PHR07N8VO,CURID3U94,2025-04-23,19,0,
LU9IVLX6X,P8VA8X8L0,CURID3U94,2024-11-21,24,0,
L6SXUA3KA,P11BD2SCE,CURID3U94,2025-02-03,48,0,
LMOX96UPB,P7LN23Y30,CURID3U94,2024-10-28,41,0,
L22O1TFXD,PJDX0PKOV,CURID3U94,2024-12-01,34,0,
LTUMW7HU3,PSNBTI22N,CURID3U94,2025-01-26,66,0,
LD3513LM7,PF0ONJPI1,CURID3U94,2025-01-18,38,0,
LE41OFV14,PXVHAGKC4,CURID3U94,2024-09-28,85,0,
LJ643F1AY,PHKBM00E9,CURID3U94,2025-05-24,50,0,
LSV6O9E9N,P33MG1ZAQ,CURID3U94,2025-03-10,34,0,
LHCGW33A8,PD8CLW3JG,CURID3U94,2025-07-21,57,0,
LNCXCWC0B,PNJMVRYDC,CURID3U94,2025-06-17,48,0,
LOGWHUPOF,PQ3B9SO0U,CURID3U94,2025-06-07,53,0,
L0HKARPKF,PE13N3BZT,CURID3U94,2024-12-12,83,0,
LZQFO5YVM,PG8SBI4Q2,CURID3U94,2025-05-08,47,0,
LTD503779,PPA5CGWFH,CURID3U94,2025-02-08,49,0,
LU7C1A7YJ,PTOW4YCZ0,CURID3U94,2024-10-10,39,0,
L8HQDE7M7,P4QXXVA2I,CURID3U94,2024-11-30,45,0,
LH6OQ7QH9,PH1XJG2Y8,CURID3U94,2025-03-06,40,0,
L6YCFNHP3,P7C7BO119,CURID3U94,2025-02-16,62,0,
L9LQT9NGQ,PSE99F77L,CURID3U94,2025-04-24,67,0,
L6TLV0GUB,PV01ZDERI,CURID3U94,2024-09-04,21,0,
L5KB3PKBQ,PYMYRSVZN,CURID3U94,2025-07-12,50,0,
LY3OT760R,PYX9TRFLQ,CURID3U94,2024-08-01,36,1,2024-08-03
LS6C4X56V,PK0AXYCEL,CURID3U94,2025-04-20,59,0,
L3DGS9GT0,PQWRMWLMA,CURID3U94,2025-01-12,59,0,
LR0VIP35T,P15Z8VMUH,CURID3U94,2025-05-09,39,0,
L54GYLBI1,PEHE2ATN2,CURID3U94,2025-03-27,82,0,
L8A2VZPY9,PW6OZX25Q,CURID3U94,2024-09-03,67,1,2024-09-06
LQZO7IO2F,PXAJI0Y6D,CURID3U94,2025-04-28,62,0,
L2NATD4GW,PRPKZGGM0,CURID3U94,2025-04-08,13,0,
LLF9YXAM9,P3QLX3F2X,CURID3U94,2025-04-08,70,0,
L7YOFCX7C,PG84D4R9V,CURID3U94,2024-11-29,50,0,
LULOQVBV1,PNKB4EHOU,CURID3U94,2025-04-13,26,0,
LJPVKTAF6,P8OGA0X7Z,CURID3U94,2024-10-08,91,1,2024-10-30
LBLBV0XT9,PK2L0D1B4,CURID3U94,2025-05-01,63,1,2025-05-19
LVYSKE5M0,PK0AXYCEL,CURID3U94,2025-02-13,20,0,
LSWXKQTQ3,P2Z0LJCH2,CURID3U94,2025-05-20,36,0,
L6ZPMG6OO,P153SFLSE,CURID3U94,2025-04-30,76,0,
LH1XAWJ28,PDWWO8NBH,CURID3U94,2025-06-09,49,0,
LCW9RTNFW,PMJDIMBM2,CURID3U94,2024-09-28,54,0,
L6SZF4LUR,PSXKJKMPL,CURID3U94,2025-01-23,25,1,2025-02-11
L02TYAXY2,P9TZE5R5U,CURID3U94,2025-06-23,81,1,2025-07-19
LNZ5X51O0,PZHWJR64D,CURID3U94,2025-06-30,23,0,
LLQBYG6G0,P8T922D0N,CURID3U94,2025-01-31,34,0,
L4JGSQOF3,PEFJAWSHM,CURID3U94,2024-12-15,63,0,
LWGI8Y042,P2FVB66H3,CURID3U94,2024-12-13,44,0,
L3H7T6UDO,PV1MZB3I4,CURID3U94,2025-03-19,42,0,
LJY6G107G,PPTKEZJSS,CURID3U94,2024-09-30,48,1,2024-10-13
L8O8G8HZM,PG8TACY15,CURID3U94,2025-04-12,60,0,
LVYD47DZN,P4ORAC8CY,CURID3U94,2024-10-27,83,0,
LAXS88UAL,PE63LBQGU,CURID3U94,2025-04-10,48,0,
LRY3IGWEY,P2LD05NHQ,CURID3U94,2025-05-28,35,0,
LSU7ERRBS,POTQF74RQ,CURID3U94,2024-12-15,68,0,
LZUJB4HLL,P9MQVAYXA,CURID3U94,2025-04-14,45,0,
LQLLD0N53,PPWH0MX1E,CURID3U94,2025-05-21,48,0,
LR4SIP4B8,POIQ2Q4QE,CURID3U94,2025-07-09,69,0,
LJ4ZXD82B,P94SZ2KUU,CURID3U94,2024-10-21,68,0,
LMQW8EVRC,P4QXXVA2I,CURID3U94,2024-10-28,51,0,
L0ERJE4S4,P049ENULQ,CURID3U94,2024-10-02,68,0,
LMFEL33PC,PCVS4F8CG,CURID3U94,2024-10-11,62,0,
LL1S2QPKG,P7OQ2ZDO7,CURID3U94,2024-11-02,40,0,
LRMM0YTMV,PI8F34GAD,CURID3U94,2025-07-22,79,0,
L82LZWGE8,PLMH1T939,CURID3U94,2024-10-01,75,0,
L683PLE45,P4IVSOLML,CURID3U94,2025-01-17,34,0,
LB2NIXI8E,PFLSEHUDS,CURID3U94,2025-04-17,51,0,
L55325CAM,PATATJ9A3,CURID3U94,2024-09-26,0,0,
LBHWTGDK4,P61NHVCFW,CURID3U94,2025-05-31,33,0,
LSNV9RR49,P15IKPQAH,CURID3U94,2024-08-31,52,1,2024-09-06
LHQWP8XFA,PXKDQ95G3,CURID3U94,2024-11-16,28,0,
LNS0GNH8S,PF1HX6ZDC,CURID3U94,2025-04-29,52,1,2025-05-08
L2GT30GCH,P3XLRFCD6,CURID3U94,2024-10-13,37,0,
LF4AKDNAD,PP8HQMABS,CURID3U94,2025-03-23,42,0,
LIJFZQAFQ,PEI3ZRRHF,CURID3U94,2025-01-04,34,1,2025-01-29
LSDQ26RL0,P7NIDP9MG,CURID3U94,2025-07-14,84,0,
LNWRN57LW,PYB7W8P74,CURID3U94,2025-07-14,73,0,
LS1YQ6T0O,PTXRGN74F,CURID3U94,2025-03-09,40,0,
LTGPEQCYH,PR6YO6Z1T,CURID3U94,2025-05-13,53,0,
L207X887L,PCW2LBM2Q,CURID3U94,2024-11-06,16,0,
LGUUW0580,PZ74LAV71,CURID3U94,2025-05-10,100,0,
L2XVXITIF,PBTGDJZ0I,CURID3U94,2024-10-16,45,0,
LXZIU6HUL,PPEQYDBPG,CURID3U94,2025-07-09,35,0,
LPRX05H3K,PX74D0GJY,CURID3U94,2025-01-19,53,0,
L7UJJ31W0,PLA8S8HMB,CURID3U94,2024-10-16,20,0,
LGQ34PGGC,POZ0KZ4Z7,CURID3U94,2025-05-07,59,0,
LBI6QSRER,POS9XTOGN,CURID3U94,2025-03-16,39,0,
L6LUU6IF3,PDPDXUJJC,CURID3U94,2025-01-15,57,0,
L1D2O25TG,PG24479QT,CURID3U94,2025-05-31,41,0,
L5JTV75SS,P1LFC1NLC,CURID3U94,2024-09-14,70,0,
LUMH0ZNSG,PS0IUDUAH,CURID3U94,2024-08-14,54,0,
LWOC4191H,PY8N1UTOX,CURID3U94,2024-09-07,56,0,
LKK7X34UD,PW9HEYCE4,CURID3U94,2025-02-12,22,0,
LC4FH065A,PC37RLN36,CURID3U94,2025-06-12,41,0,
LFU20VMAK,PPPBMQIYF,CURID3U94,2025-04-09,14,0,
LRX0GWHAO,PROYR6CCV,CURID3U94,2025-03-12,65,0,
LQHVD8FBF,PG8SBI4Q2,CURID3U94,2024-12-20,41,0,
LFHEYZQQX,PDF7PCHCB,CURID3U94,2025-02-02,51,0,
LBV0DEOEG,PSXKJKMPL,CSGFDK0Q0,2024-11-06,71,0,
LEZQ0X717,PT9NT3W5U,CSGFDK0Q0,2025-04-07,57,0,
LHW0BUPMT,P53AYEQAH,CSGFDK0Q0,2024-09-13,69,0,
LXQ531D1K,PZQ48ENWB,CSGFDK0Q0,2025-01-09,63,0,
LDK2YWFMA,PLA8S8HMB,CSGFDK0Q0,2024-12-10,26,0,
LX9FKE4VZ,PL8A78E9R,CSGFDK0Q0,2024-11-17,45,0,
LN8Z4C0X2,PUJV6OH9S,CSGFDK0Q0,2025-05-02,46,1,2025-05-22
LHYVEZRAD,PQUNUE7A3,CSGFDK0Q0,2024-08-28,53,0,
L8EJPMLNL,PG0FN9XUY,CSGFDK0Q0,2025-01-22,55,0,
L7HA752A9,PLB25485H,CSGFDK0Q0,2025-01-03,37,0,
L7PNFIRCV,PYKL1CQ99,CSGFDK0Q0,2024-12-25,46,0,
LCZ8P5AIE,P1CJFX5LI,CSGFDK0Q0,2025-06-02,62,0,
LKX6MJ53Y,P937XNCML,CSGFDK0Q0,2025-04-17,31,0,
LXHZKIEW6,P1G983EP9,CSGFDK0Q0,2025-07-19,72,0,
LOR6XN6LC,PUL6LGJLP,CSGFDK0Q0,2025-05-23,23,0,
LPY9NPGIR,PFLUL1RSR,CSGFDK0Q0,2025-03-21,32,0,
LD4JPDT12,PJE2AB2RV,CSGFDK0Q0,2024-11-10,8,0,
LSBA62TDO,P3CUP8IJL,CSGFDK0Q0,2024-10-30,55,0,
L1DFSTS3Y,PEGI3QUPX,CSGFDK0Q0,2024-10-25,20,1,2024-11-02
LQFBZ9ZQH,PGFLIJI18,CSGFDK0Q0,2025-04-07,57,0,
LBQIQICB5,PZL15S74N,CSGFDK0Q0,2025-03-15,100,0,
LNTJK2GZA,PDQZ05EV5,CSGFDK0Q0,2025-01-12,56,0,
LUGTTMPPJ,PUFU6PY06,CSGFDK0Q0,2025-05-19,79,0,
LBEAHY5HO,P2LNGIXMC,CSGFDK0Q0,2025-03-13,39,0,
L37PJPO3C,P4ORAC8CY,CSGFDK0Q0,2025-01-19,69,0,
LVS3ZRB9O,PKBP2QD6V,CSGFDK0Q0,2024-12-30,28,0,
LPLLV12BV,P961J88QE,CSGFDK0Q0,2024-08-13,45,0,
LXEJAXVT7,PBXANJ4X5,CSGFDK0Q0,2025-05-03,55,0,
LCZ14WJAI,PQPGB7R3O,CSGFDK0Q0,2024-10-10,82,0,
L9C2BVS3K,PVDZ4X1ZH,CSGFDK0Q0,2024-08-13,34,0,
L337OV9WX,PBA5MF36B,CSGFDK0Q0,2025-05-18,52,0,
LHVY3NUKO,PQVDK6DRN,CSGFDK0Q0,2024-11-23,42,1,2024-12-18
LNDHKBRJI,PRXDOUADV,CSGFDK0Q0,2025-06-04,53,0,
LGLG08YVU,PGZ7CTM09,CSGFDK0Q0,2025-07-05,70,0,
L69QAZ6FP,PV3DR2H2P,CSGFDK0Q0,2025-06-30,54,0,
L9XAQS3TG,PK0VM59M6,CSGFDK0Q0,2024-11-10,30,0,
LDBFXA2WD,PX7PTX63C,CSGFDK0Q0,2025-05-31,43,0,
L7772IY1U,P7P9MDA9O,CSGFDK0Q0,2025-01-06,57,0,
LV52QFE98,PX15XJXNE,CSGFDK0Q0,2025-03-23,51,0,
L0TW87S34,PK3NY9V20,CSGFDK0Q0,2024-09-15,47,0,
L876KE1Q5,PL48C1CQG,CSGFDK0Q0,2024-09-16,60,0,
LMS7UPSPA,PV01ZDERI,CSGFDK0Q0,2024-08-12,62,0,
LG3JBRRD4,P21VMEFOZ,CSGFDK0Q0,2024-08-06,21,0,
L4NDVDXDF,PXTXMGTT0,CSGFDK0Q0,2025-07-28,41,0,
L6YV2VP6F,P3P91I3VM,CSGFDK0Q0,2024-11-24,78,0,
L0O7Y4XBB,PK9TR74QG,CSGFDK0Q0,2025-05-06,70,0,
LMZJ22PMB,PW5WFCPKJ,CSGFDK0Q0,2025-06-05,93,1,2025-07-01
L6XGK6YUL,PBJCDIWZO,CSGFDK0Q0,2025-01-27,63,0,
LND7U4XXG,PU4BAWZ94,CSGFDK0Q0,2024-11-28,40,0,
LX57ZKVNI,PK2VMWWYZ,CSGFDK0Q0,2024-11-01,33,0,
LJWAQLCAU,PKTLZKJ49,CSGFDK0Q0,2025-03-20,55,0,
LDF9M13OT,P0IB3WYZX,CSGFDK0Q0,2024-10-27,58,0,
LESU2HTTS,PSXVWVM4W,CSGFDK0Q0,2024-08-14,32,0,
LW5EJR91Q,P8VHMEWCJ,CSGFDK0Q0,2025-01-02,46,1,2025-01-14
LUPWCKH3V,PDYMS1MWN,CSGFDK0Q0,2025-05-16,28,0,
L10M1V395,PDBDW2PCN,CSGFDK0Q0,2024-08-07,58,0,
LZDHZ6M9B,PEFQJG02U,CSGFDK0Q0,2024-08-24,49,0,
LJUDL3AF6,PCSG4OFDT,CSGFDK0Q0,2025-02-19,47,0,
LKKFEDLBG,PMXLVZ4QK,CSGFDK0Q0,2025-06-13,69,0,
LKBUOC1R6,PN48UACT4,CSGFDK0Q0,2025-06-28,38,0,
L01EJT1WT,PZSX0GNZH,CSGFDK0Q0,2025-01-13,29,0,
L805QTDCJ,PYX9TRFLQ,CSGFDK0Q0,2025-04-02,100,1,2025-04-22
LS924W7W8,PKWE4BX4L,CSGFDK0Q0,2024-12-19,56,0,
LTWT2I9OW,P0FQLDB2U,CSGFDK0Q0,2024-11-08,64,0,
LP7NL6DMJ,PJDN8EZP7,CSGFDK0Q0,2024-08-19,48,0,
LLXDW0YCY,PDHYLURTP,CSGFDK0Q0,2024-08-13,55,1,2024-08-22
LRNZNZMCC,POTQF74RQ,CSGFDK0Q0,2024-10-27,40,0,
LYC3T13HL,POM5IGQPK,CSGFDK0Q0,2024-08-19,49,0,
LOZESJNCR,PNTP8AK8S,CSGFDK0Q0,2025-03-21,47,0,
LBVXKETUG,PYB7W8P74,CSGFDK0Q0,2024-09-15,67,0,
LKNN520UP,P6KHUB2RT,CSGFDK0Q0,2024-09-15,45,0,
LRB2JA2LP,P6SZN9DDE,CSGFDK0Q0,2024-08-28,46,0,
LN1M6U2LL,PP8HQMABS,CSGFDK0Q0,2025-07-09,64,0,
LH22BE4N2,PQGM5V2WW,CSGFDK0Q0,2024-11-22,36,1,2024-12-03
L524GPZBO,PCNBH6NQQ,CSGFDK0Q0,2025-04-07,69,1,2025-05-04
LMVIBZYFG,PVWRB7F6F,CSGFDK0Q0,2024-11-17,63,0,
LGK82P5YR,PEQE5158O,CSGFDK0Q0,2025-05-16,46,0,
LO1WODGZD,PV78HU7F0,CSGFDK0Q0,2025-03-18,13,1,2025-04-12
LN9S8TSNC,PG8Q3GCG1,CSGFDK0Q0,2025-04-17,68,1,2025-04-21
L19ARSOZ9,P4RMVVNXI,CSGFDK0Q0,2024-09-25,31,0,
LE5GV7P2A,PV1MZB3I4,CSGFDK0Q0,2025-03-19,47,0,
L2Q9OJF3C,PMOXSFH4G,CSGFDK0Q0,2025-01-08,41,1,2025-01-31
L07BTI1RI,PLORXDTG5,CSGFDK0Q0,2024-10-15,55,0,
LMVN1BT9W,PW5WFCPKJ,CSGFDK0Q0,2024-10-23,56,0,
LNJSLEU1S,PL8A78E9R,CSGFDK0Q0,2024-09-17,56,0,
L5N18BYPK,PGOK01TNZ,CSGFDK0Q0,2024-09-10,81,1,2024-09-28
LNXMFH5E8,PGV0E38DA,CSGFDK0Q0,2025-04-15,83,0,
LFZQ1W09Y,PH61IAOIM,CSGFDK0Q0,2025-03-28,84,0,
LW3DP11IK,PPWH0MX1E,CSGFDK0Q0,2025-06-11,68,0,
LX0RB5TNG,PUDKTMONR,CSGFDK0Q0,2025-04-07,48,0,
LCRZXC4VN,PMJSRD9Q4,CSGFDK0Q0,2024-12-12,61,0,
LIBLWBV2I,PE13N3BZT,CSGFDK0Q0,2024-12-19,38,0,
LZSFWI45A,PEHWHG0U4,CSGFDK0Q0,2025-03-14,49,1,2025-03-20
L4520SZOR,P4MPYO2TL,CSGFDK0Q0,2024-09-09,87,1,2024-09-17
LK64MGJ78,P7NIDP9MG,CSGFDK0Q0,2024-11-12,79,0,
LJP3HTNCV,PIAAKYTT3,CSGFDK0Q0,2025-07-09,48,0,
LHZTAY12Y,PYXFIBLEJ,CSGFDK0Q0,2025-01-26,40,0,
LIVFQSX50,PMB5M9J98,CSGFDK0Q0,2025-07-15,22,0,
L2UPVSF5Y,PVYCS44PH,CSGFDK0Q0,2025-07-20,66,0,
LC9LUERJQ,PPR424TKB,CSGFDK0Q0,2025-01-17,29,0,
LENBD0V0N,PBZUG0IT2,CSGFDK0Q0,2025-01-25,31,0,
LJJ63XVFI,PA6S5ZXQO,CSGFDK0Q0,2025-02-17,42,0,
LUD99XRO3,PJCNS6G29,CSGFDK0Q0,2024-10-28,66,0,
L7U9SSBU7,PNAWNGA41,CSGFDK0Q0,2025-01-13,85,0,
LGE3AI6AY,P2P2TIXC7,CSGFDK0Q0,2025-07-09,66,1,2025-08-07
LNPE6SWYU,PV59HOTGD,CSGFDK0Q0,2025-07-15,24,0,
L2RNADKN2,P2GKFL5XF,CSGFDK0Q0,2024-11-08,86,0,
LK7IT7XXD,P6GMDRDSF,CSGFDK0Q0,2025-01-20,34,0,
LSBRP14XH,PLY8OZCYW,CSGFDK0Q0,2025-03-05,84,0,
LL5V32BH1,PXVHAGKC4,CSGFDK0Q0,2024-08-12,99,0,
LA4OGN378,P3T60RJIW,CSGFDK0Q0,2024-10-17,37,0,
LVPCAYP9Y,PY3RZTPLC,CSGFDK0Q0,2025-01-26,57,0,
LPDAX6KDD,P9UU2BL7A,CSGFDK0Q0,2024-12-10,94,0,
L49IK3TDW,PMJDIMBM2,CSGFDK0Q0,2025-07-07,57,0,
L7V1QSA11,PFOY4DD1V,CSGFDK0Q0,2025-01-15,17,0,
LPTKFTUWF,PJLZFFLB7,CSGFDK0Q0,2024-11-29,90,0,
LV2TTUSWE,POQW9JA2M,CSGFDK0Q0,2024-10-09,58,0,
LTYX2CB2P,PW9MYYOKE,CSGFDK0Q0,2025-06-11,68,1,2025-06-12
LN4U6AVE7,PUH17J8QO,CSGFDK0Q0,2024-11-10,20,0,
LE51M4WU3,PME8F8409,CSGFDK0Q0,2025-04-26,95,1,2025-05-02
LGA9TA76N,PGKWWJWGA,CSGFDK0Q0,2025-02-03,44,0,
LFCQML8QQ,PQQYZQII4,CSGFDK0Q0,2024-12-16,23,0,
LZYEKV2DY,P874FRHOC,CSGFDK0Q0,2024-09-20,70,1,2024-09-24
L4TKVV7PG,PX15XJXNE,CSGFDK0Q0,2024-09-26,58,0,
LF7MVQ356,PZ6OLBA11,CSGFDK0Q0,2025-04-05,16,0,
LJ0JE3MKR,PMU7JAE58,CSGFDK0Q0,2025-04-03,81,0,
L4L2E4F4N,PBA75UUZP,CSGFDK0Q0,2025-06-13,36,0,
L3ZA0CO76,PTV6G8OM0,CSGFDK0Q0,2024-10-20,43,0,
LO8QHE4QG,POUHYLU6K,CSGFDK0Q0,2024-08-10,61,0,
LFULZ2ADS,P99106AK3,CSGFDK0Q0,2025-05-01,50,0,
L83GYZIEP,PLLWB7SJW,CSGFDK0Q0,2025-01-19,33,0,
LO772NRCM,PEDHHJSHZ,CSGFDK0Q0,2025-07-22,100,0,
LUZ8DU9V4,PQO1VSMAD,CSGFDK0Q0,2025-04-21,18,0,
L5D3DGC50,P0BQ1S9RY,CSGFDK0Q0,2025-01-15,43,0,
LI32BUHBC,PGO8JN42X,CSGFDK0Q0,2024-10-20,56,0,
LPLA8JZ9D,PYMYRSVZN,CSGFDK0Q0,2024-09-15,57,0,
LS2ULK3FU,PJ3MUURMY,CSGFDK0Q0,2025-05-22,60,0,
LQVU5OEJ8,P7ZJ3SWEB,CSGFDK0Q0,2024-10-19,66,0,
L1O082SFR,P9S3W563B,CSGFDK0Q0,2025-06-22,70,0,
L23C60CJB,PPKIANOUO,CSGFDK0Q0,2025-04-22,44,0,
LMUVHGQK8,PDZR1YXR2,CSGFDK0Q0,2025-02-25,55,0,
L20PS5I5F,PBFA37DL9,CSGFDK0Q0,2025-06-16,66,0,
LTOJTBPGT,PMJDIMBM2,CSGFDK0Q0,2025-05-17,1,0,
L9967ST8L,P2LD05NHQ,CSGFDK0Q0,2024-12-19,70,0,
LI72W4OEB,PI10KQSOS,CSGFDK0Q0,2024-11-04,73,0,
LMQPJBMWM,PKF486I3C,CSGFDK0Q0,2024-11-26,47,0,
LNOHG3VTL,PJ84RX6PR,CSGFDK0Q0,2025-07-18,86,1,2025-08-11
L1DRZ0XV6,PIRY8XNY2,CSGFDK0Q0,2025-06-06,40,0,
LDDD27D9A,PBTGDJZ0I,CSGFDK0Q0,2025-07-26,52,0,
LLK7YBZGA,PZY9YLW5L,CSGFDK0Q0,2025-04-08,47,0,
LZNI37ZCG,PBBB0HQ6D,CSGFDK0Q0,2024-12-28,68,0,
LACEPL2U5,P2LNGIXMC,CSGFDK0Q0,2024-11-07,82,1,2024-11-30
LCFP37CDH,PWCYUKND1,CSGFDK0Q0,2025-06-22,62,0,
LZG58XYJW,PNL63GAGU,CSGFDK0Q0,2025-06-12,49,0,
LWBK8R1Z4,PC9H42M44,CSGFDK0Q0,2024-11-01,0,0,
LQT7ZVNBI,PLORXDTG5,CSGFDK0Q0,2025-05-27,75,0,
L1CAO8W81,PDTBH55RB,CSGFDK0Q0,2024-12-14,95,0,
LAYUAM75P,PEHFU4B9S,CSGFDK0Q0,2025-01-14,43,0,
LSZ1CTW68,PWHVNZH13,CSGFDK0Q0,2025-01-13,25,0,
L9MW68M1I,P917RMPN6,CSGFDK0Q0,2025-04-05,90,0,
LNUFNCC8U,PGFLIJI18,CSGFDK0Q0,2025-02-25,25,0,
LUXOP63CT,P09VS9KKH,CSGFDK0Q0,2025-06-04,57,0,
LZRBZIRJY,PN9J2QP89,CSGFDK0Q0,2024-11-05,88,0,
LZ8XUKU8N,PRDMLY4LY,CSGFDK0Q0,2024-08-27,84,0,
LIARN4FLH,PWEEHWJQ4,CSGFDK0Q0,2024-09-29,52,0,
LW3CHNJ6G,P3P91I3VM,CSGFDK0Q0,2024-08-21,46,0,
LDTGCG8ZF,PWM31YIHA,CSGFDK0Q0,2024-11-03,56,0,
L2L4C0BB6,P8HYEXF7J,CSGFDK0Q0,2025-01-09,42,0,
LPYMA1T6S,PG2QZW3C1,CSGFDK0Q0,2025-07-19,65,0,
LIF6DOHE7,POA2VCYWL,CSGFDK0Q0,2024-09-16,76,0,
LKY87Q19U,PMK2ZYZSI,CSGFDK0Q0,2025-06-01,28,0,
L9Q44DVVP,PFHRXJPT2,CSGFDK0Q0,2025-05-02,35,0,
LGB8IY525,PW6OZX25Q,CSGFDK0Q0,2025-04-30,57,0,
LFNSCQQAV,P3C9XQYM5,CSGFDK0Q0,2024-11-15,61,0,
LAQDMFZTG,PYT91QE37,CSGFDK0Q0,2025-07-31,60,0,
LP8D20GM6,PYH523GGO,CSGFDK0Q0,2024-08-28,68,0,
L2S60YUP1,PX74D0GJY,CSGFDK0Q0,2025-04-30,46,0,
LSHNTCVL0,PMQF7ZK94,CSGFDK0Q0,2025-06-03,42,0,
LYQZDUBB9,PZGE2J51B,CSGFDK0Q0,2024-08-03,41,0,
LMIT3VHTN,PR778NRXV,CSGFDK0Q0,2025-02-25,36,0,
L7SU62J8L,PKOEFUKPV,CSGFDK0Q0,2024-12-15,50,0,
LBDSG1FBT,P2MOVS0CD,CSGFDK0Q0,2025-07-17,69,0,
LWTW4IXFJ,PO30UBMC9,CSGFDK0Q0,2025-05-19,91,0,
LJRKHE0SD,PBA75UUZP,CSGFDK0Q0,2024-11-18,70,0,
LP8MVHAEW,PV1MZB3I4,CSGFDK0Q0,2024-10-25,54,0,
LABHB7ZHE,PXB4Y4K7B,CSGFDK0Q0,2025-07-21,71,0,
LZR4E5IZB,PYP04K43S,CSGFDK0Q0,2024-11-20,58,0,
L1EDMBJHY,P2M71HSSB,CSGFDK0Q0,2024-11-17,23,0,
L3M2I3QM6,P700UCRGB,CSGFDK0Q0,2025-07-21,48,0,
LDTECAFVO,P5TGSQ7AI,CSGFDK0Q0,2024-12-25,72,0,
L5Y0QNV4F,P0S0R2SDS,CSGFDK0Q0,2024-08-11,43,0,
L0TE2J403,PE27ZEOQG,CSGFDK0Q0,2025-07-28,83,1,2025-08-17
LCNFU2HER,PV5G10UR5,CSGFDK0Q0,2025-01-03,40,0,
LSNUN446Q,PRPKZGGM0,CSGFDK0Q0,2025-07-18,62,0,
L16NZ7DSO,POFQEWAOU,CSGFDK0Q0,2025-05-04,34,0,
LNKK1JXPP,PXYZX9JPN,CSGFDK0Q0,2024-12-24,32,0,
L9YVGIPAX,P7Y2ITL8N,CSGFDK0Q0,2024-12-03,55,0,
LNQEGE5EK,P61NHVCFW,CSGFDK0Q0,2025-03-20,42,0,
LFHOE3MXZ,PSG65KXVF,CSGFDK0Q0,2025-05-06,35,0,
LJFY4W8TR,PMJSRD9Q4,CSGFDK0Q0,2024-11-23,75,0,
L98W07FIL,P9IER7U8H,CSGFDK0Q0,2024-09-07,40,0,
L3DVYJHMI,PZEEQNSN2,CSGFDK0Q0,2025-03-03,45,0,
LE8989GNC,PDDAFS1IY,CSGFDK0Q0,2025-04-16,61,0,
LTIJH33IC,PJDN8EZP7,CSGFDK0Q0,2025-02-27,65,0,
L44TONZNQ,PBC2SWSOZ,CSGFDK0Q0,2024-12-11,41,0,
L06UJLQV6,P8RIEC4D1,CSGFDK0Q0,2024-10-11,33,0,
L2J16W8MI,PMVNCZTZO,CSGFDK0Q0,2024-08-16,41,0,
LNQ4O7VS8,P1G983EP9,CSGFDK0Q0,2024-09-17,36,0,
LCHKCMNT6,PLDC08FC0,CSGFDK0Q0,2024-11-19,79,0,
LU777LDM1,P0KB68RER,CSGFDK0Q0,2025-07-23,55,0,
LVL7UO4G4,PXJN6FOKZ,CSGFDK0Q0,2024-11-29,74,0,
LIQ9ENZ9J,PNVG5VMF6,CSGFDK0Q0,2024-08-04,63,0,
LN7K98XVI,PSQ0OXFQ8,CSGFDK0Q0,2024-09-11,75,0,
L673KLLZC,PZEGBL2QG,CSGFDK0Q0,2025-07-01,100,0,
LUH1I8YAT,PIEDD070E,CSGFDK0Q0,2024-10-08,33,0,
LYE737FEN,PNY181ACJ,CSGFDK0Q0,2025-01-06,49,0,
LTD7KFN8K,P9YECAZRP,CSGFDK0Q0,2024-10-11,45,1,2024-11-06
L6P62J4XY,PFSI159I3,CSGFDK0Q0,2025-04-20,75,0,
LBRXFX3AT,PTHET25LZ,CSGFDK0Q0,2024-12-06,54,0,
L253IQQUO,P5ELTFEBE,CSGFDK0Q0,2025-05-25,64,0,
LLGQE6XB1,PEFJAWSHM,CSGFDK0Q0,2025-01-28,90,0,
LZ337C7NX,PJOQW5DSK,CSGFDK0Q0,2024-10-30,29,0,
LXBAF4GEL,P8MTK0RSO,CSGFDK0Q0,2025-06-18,40,0,
LLX8EAK8Y,PWXRUM2LH,CSGFDK0Q0,2024-10-09,39,0,
LE71TWD96,PI10KQSOS,CSGFDK0Q0,2025-06-02,53,0,
LHHWMF1GZ,PEJ31GYMD,CSGFDK0Q0,2024-11-20,66,0,
LVG042MZ8,PN9J2QP89,CSGFDK0Q0,2025-07-13,73,0,
LM6XHIGX1,PP753K48O,CSGFDK0Q0,2025-07-18,29,0,
LPZGSVANR,PDTBH55RB,CSGFDK0Q0,2024-10-09,44,0,
LY632IIPS,PUJQ6FX7X,CSGFDK0Q0,2024-10-28,94,0,
L8QDB9BGV,PEREV361X,CSGFDK0Q0,2024-12-09,46,1,2024-12-20
L2ESF4NDR,P3PT5R5RC,CSGFDK0Q0,2024-09-26,73,0,
LFDX89I8Y,POHP6VZ41,CSGFDK0Q0,2024-12-22,60,0,
LWGD4X4PZ,PDL7FKNDG,CSGFDK0Q0,2024-09-24,25,0,
LJ42RL1EH,PSLG6MM1Z,CSGFDK0Q0,2025-01-03,61,0,
L8HYF87SW,PZUJ2XORV,CSGFDK0Q0,2024-12-28,100,0,
L1K9M94UZ,PIZXTNSRT,CSGFDK0Q0,2025-05-25,63,0,
LXY4G8ON3,PPKIANOUO,CSGFDK0Q0,2024-12-30,49,1,2025-01-27
LW9HX6I62,P1W1HT7PZ,CSGFDK0Q0,2024-10-05,79,0,
LR2CXTJYR,PCEQFGAS0,CSGFDK0Q0,2025-01-23,62,0,
LDIRL481X,PE8ZNA8NZ,CSGFDK0Q0,2024-09-11,82,1,2024-09-24
LLAXHNOC2,PC1Y5AYYO,CSGFDK0Q0,2024-09-12,54,0,
LXI3RNC02,PK9TR74QG,CSGFDK0Q0,2025-02-26,85,1,2025-03-15
LBLU27XNP,PHBYHZ43X,CSGFDK0Q0,2024-10-10,70,0,
LZCU7MPA7,P9BP4M18O,CSGFDK0Q0,2025-02-16,84,0,
LDZVHLTMG,PIAAKYTT3,CSGFDK0Q0,2025-03-01,30,0,
LRAEJPFAW,PJJA26YFP,CSGFDK0Q0,2024-11-09,80,0,
LXD0DL7U1,PGFLIJI18,CSGFDK0Q0,2025-07-25,59,1,2025-08-21
LP8OTXOUS,PNAL3GYWI,CSGFDK0Q0,2024-08-04,39,0,
LHFRRCV1E,PVHMYGTY3,CSGFDK0Q0,2024-10-20,65,0,
LXYB8Z8TR,P7493DXWO,CSGFDK0Q0,2025-07-16,19,0,
LTM477Y6Z,P3E54N6O9,CSGFDK0Q0,2025-03-18,26,1,2025-04-09
LLED1LG8Y,PVITWU3BF,CSGFDK0Q0,2024-08-20,58,0,
L2WGEBEC4,P7493DXWO,CSGFDK0Q0,2025-04-26,53,0,
L1RN9UQ7R,P21B07G2R,CSGFDK0Q0,2024-08-16,35,0,
LZAPUOLXP,P6PRR7MZA,CSGFDK0Q0,2024-09-01,65,0,
LOUV75D3N,PY620N8TT,CSGFDK0Q0,2024-08-25,29,0,
LMYB4BOMZ,POUHYLU6K,CSGFDK0Q0,2025-06-10,70,1,2025-06-15
LQB09UW8P,P3JPXGH30,CSGFDK0Q0,2025-02-26,45,0,
LDWXEZIHZ,PJJA26YFP,CSGFDK0Q0,2024-09-23,82,0,
LVZGMFFOH,P7SRCBPLJ,CSGFDK0Q0,2025-07-08,30,0,
LK94W6WUU,PGK6T9DHS,CSGFDK0Q0,2025-02-07,38,0,
LMO7OPKLJ,PDO0D3FVN,CSGFDK0Q0,2025-05-06,65,0,
L670LJC6W,P8B25SQ8C,CSGFDK0Q0,2025-01-07,55,0,
LO7V1IZ4J,P86GVGT2E,CSGFDK0Q0,2025-01-28,51,0,
LQI55JSYX,PX7N89LTA,CSGFDK0Q0,2025-03-02,60,0,
LUFBLPVR7,PU3FG00ZK,C9JRNAMZ6,2024-08-11,59,0,
L9YT1S4JI,POA2VCYWL,C9JRNAMZ6,2024-12-28,67,0,
LDA6UEYER,POFN1R4KZ,C9JRNAMZ6,2025-02-25,34,0,
LBL6SGW2N,P2Y0OY58F,C9JRNAMZ6,2025-01-18,20,0,
LRV4EIBKP,PPVS7HZIO,C9JRNAMZ6,2024-08-18,35,0,
LK7FVU3F0,PVPF9PAVC,C9JRNAMZ6,2024-10-07,55,0,
LMEE0Q45T,PE2GJR81B,C9JRNAMZ6,2024-09-09,39,0,
LVGUW48TP,P2C9ROS7Y,C9JRNAMZ6,2025-05-01,25,0,
L37V7JMKJ,PV23GXJ0M,C9JRNAMZ6,2025-03-25,49,0,
LLNDITN5K,P63YK03O4,C9JRNAMZ6,2025-05-07,55,0,
LG3FYE4HQ,PGUO8I5JW,C9JRNAMZ6,2025-05-17,72,0,
LGOXAIQUS,P8B25SQ8C,C9JRNAMZ6,2024-09-20,76,0,
LY2O33B29,PB5JFYSYZ,C9JRNAMZ6,2025-01-14,45,0,
LXZ6UK18F,PK5J42OI6,C9JRNAMZ6,2025-05-11,34,0,
L2DXR6CJ9,PRM6J8Y6R,C9JRNAMZ6,2024-08-27,71,0,
LK4CI248F,PVYIE6IVW,C9JRNAMZ6,2025-05-09,63,0,
L3VKOG101,P9AAWE429,C9JRNAMZ6,2024-09-08,71,0,
L1HE9WIEE,P8MDD4V30,C9JRNAMZ6,2024-11-29,50,0,
LO9H5IHJQ,POMTZZF8A,C9JRNAMZ6,2025-01-10,19,0,
LCYYPQ7A4,P1T2TALA7,C9JRNAMZ6,2025-06-20,25,0,
LFRV1L6CK,PO50DW1MF,C9JRNAMZ6,2025-05-02,46,0,
LNC7GIU13,PRC85EHPZ,C9JRNAMZ6,2024-09-14,32,0,
LGBJ72BTQ,PDL7FKNDG,C9JRNAMZ6,2024-10-06,75,0,
L82327AQF,PGZR7TXCB,C9JRNAMZ6,2025-01-25,58,0,
LF2K5C3Z6,PMVNCZTZO,C9JRNAMZ6,2025-07-10,69,0,
LJ5Q1D7XY,PASNWYWRR,C9JRNAMZ6,2025-04-19,38,0,
LLJD2V57B,PVWRB7F6F,C9JRNAMZ6,2024-09-04,47,0,
LMTT7FYWM,PBJCDIWZO,C9JRNAMZ6,2025-05-06,28,0,
L5CFV2VYN,P9CD1LQJS,C9JRNAMZ6,2024-10-15,62,0,
L1KJS08RW,PBGL2MCXN,C9JRNAMZ6,2025-03-06,57,0,
LQ1CGEDBT,PEAVT8K06,C9JRNAMZ6,2025-04-09,24,0,
L8BZ9T30B,PVT997E4U,C9JRNAMZ6,2024-10-12,52,0,
L69C45RY2,PD8CLW3JG,C9JRNAMZ6,2025-03-21,60,0,
L7VMVWJMV,P5CRI8BIX,C9JRNAMZ6,2024-11-01,87,0,
L06DDG680,P1T2TALA7,C9JRNAMZ6,2024-10-22,19,0,
LIUGA4FEG,P06AKT7ZQ,C9JRNAMZ6,2024-12-08,48,0,
LYYJ5N860,PN9WSZV83,C9JRNAMZ6,2025-05-10,32,0,
LATH9KP6A,PDV37IC0L,C9JRNAMZ6,2025-07-03,57,1,2025-07-17
LSSSULJAF,PXVA1NKBT,C9JRNAMZ6,2025-05-03,13,1,2025-05-06
L4WNSMW5G,PZBIKCIDK,C9JRNAMZ6,2025-01-22,19,0,
LYRW6OWH8,P9LNY2SVH,C9JRNAMZ6,2024-10-29,46,0,
LVLIG7R2F,PMV30QABX,C9JRNAMZ6,2025-06-02,61,0,
LMFP5MD3E,PVITWU3BF,C9JRNAMZ6,2024-08-03,39,0,
LXU7FKC78,PYJ3D6M1F,C9JRNAMZ6,2025-04-14,34,0,
L1HFL1ZOP,PKDC9X5JZ,C9JRNAMZ6,2024-11-24,56,0,
LQZFO30X8,PO50DW1MF,C9JRNAMZ6,2024-10-25,43,0,
LBNMJSXTD,P5TGSQ7AI,C9JRNAMZ6,2025-06-28,77,0,
LHDX1BJT4,P5HRDU4XS,C9JRNAMZ6,2024-08-18,69,0,
LZF3D4D32,PGD1T53YK,C9JRNAMZ6,2025-03-18,14,0,
LNKX5ZT5T,PDBDW2PCN,C9JRNAMZ6,2024-08-06,53,0,
LT9KA1DLU,P8RIEC4D1,C9JRNAMZ6,2024-09-05,31,1,2024-09-30
LCLLE4A2G,POJRPP7R9,C9JRNAMZ6,2025-05-12,73,0,
L76RWR3S1,P0LZJJEGE,C9JRNAMZ6,2025-04-18,70,0,
L8WK501EP,PZEEQNSN2,C9JRNAMZ6,2025-06-09,45,0,
LEKGVZPFC,PHT2XZ52O,C9JRNAMZ6,2024-12-22,35,0,
LGLCKWT2E,PW69HZGOP,C9JRNAMZ6,2025-03-24,63,0,
L077U55D5,P6APFXI5N,C9JRNAMZ6,2025-03-17,43,0,
LQ3OV9JYD,PHZ3ZSG9V,C9JRNAMZ6,2025-06-25,87,0,
LFZDTC5PA,P9PTK4GC4,C9JRNAMZ6,2024-12-04,73,0,
LYGAA70TG,PQPGB7R3O,C9JRNAMZ6,2025-03-11,28,0,
LO5AWLGIT,PR5XQT4P5,C9JRNAMZ6,2025-07-02,8,0,
LIZ7TFP3G,PH05HHIWF,C9JRNAMZ6,2025-02-21,81,0,
L21CQTP31,PP753K48O,C9JRNAMZ6,2025-06-28,31,0,
L74GU65S6,PJQYJV84A,C9JRNAMZ6,2024-09-13,54,0,
LY5H3O0SW,PAYQ6WW8Y,C9JRNAMZ6,2025-07-24,35,0,
L58611GQI,POMUWAHK2,C9JRNAMZ6,2025-02-17,61,1,2025-02-26
LT8D9GX2H,PMMXIXV6C,C9JRNAMZ6,2024-12-18,28,0,
LIVDTS8MG,PCXZ2EI92,C9JRNAMZ6,2024-08-08,38,0,
L00CRZ17A,PW3GI60Q6,C9JRNAMZ6,2024-12-12,81,0,
L8RNXPWNU,PD84U89YJ,C9JRNAMZ6,2024-11-21,51,0,
LA6TDXJ1W,PG8NKDAT5,C9JRNAMZ6,2025-06-09,20,0,
LQQOQSD8P,P83BDW56F,C9JRNAMZ6,2025-02-26,62,0,
L4XTKXGY9,PH55HEWLG,C9JRNAMZ6,2024-11-11,94,1,2024-12-09
L3FON8ONG,PCSLQC3C5,C9JRNAMZ6,2025-06-10,24,0,
L5UDLHWV6,PPBHSAHXT,C9JRNAMZ6,2025-07-14,81,1,2025-07-23
LFLVYWAPK,PP97BMZRR,C9JRNAMZ6,2024-12-15,46,0,
LE5AJR1OV,P7Y2ITL8N,C9JRNAMZ6,2025-06-18,55,1,2025-06-27
L9CPWRUTV,PPA5CGWFH,C9JRNAMZ6,2024-08-01,100,0,
LLYJMWUOC,P696QZ6CP,C9JRNAMZ6,2025-04-18,65,0,
LS224EQKQ,PFFCXHGNZ,C9JRNAMZ6,2025-03-05,48,0,
L7MOU3DN1,P93WKCS4K,C9JRNAMZ6,2025-02-18,49,0,
LTJL2FX35,PC4S8PNNE,C9JRNAMZ6,2024-09-12,66,0,
LLG49FFQO,PH2M5ZJA8,C9JRNAMZ6,2024-12-20,24,1,2025-01-16
LKVC4GTJS,PHHLK3YJZ,C9JRNAMZ6,2024-10-10,68,0,
L1A5UGXBR,PE088O98B,C9JRNAMZ6,2024-10-06,47,0,
LYTIVR40D,PK9W9PFB3,C9JRNAMZ6,2025-07-15,72,0,
LM9IF826B,PVT997E4U,C9JRNAMZ6,2025-04-03,28,0,
LHYZ1OV5V,PTHSJR0FZ,C9JRNAMZ6,2024-08-18,84,0,
LXA8MKU1G,P4KZREZRD,C9JRNAMZ6,2024-08-16,54,0,
LPT49PUSR,PBMAE38SR,C9JRNAMZ6,2025-05-05,69,1,2025-05-19
LZAEQOXBE,PYU6VK0UC,C9JRNAMZ6,2025-04-26,85,0,
L1P5EI7K8,PXYVGIUI9,C9JRNAMZ6,2024-09-01,71,0,
LEVBRX8U7,PWCNKFHB7,C9JRNAMZ6,2024-10-18,36,0,
L3NKBF2E6,PEQE5158O,C9JRNAMZ6,2024-10-15,75,0,
LWPRLPG7G,P085RNTDR,C9JRNAMZ6,2024-10-20,34,1,2024-11-12
LVLHWXPBR,PCWN2Y8FV,C9JRNAMZ6,2024-10-10,57,0,
LRNTYLVVL,PUY0ZIA9A,C9JRNAMZ6,2025-01-01,100,1,2025-01-08
LD3IIA38K,PRTEO2T8F,C9JRNAMZ6,2024-12-05,54,0,
L0HF36C0O,PW9MYYOKE,C9JRNAMZ6,2025-07-23,76,0,
LX87CZR7X,P94SZ2KUU,C9JRNAMZ6,2024-11-11,93,1,2024-11-25
LWQF1TTIM,PFSI159I3,C9JRNAMZ6,2024-09-06,68,0,
LLYTGVKYM,PMVNCZTZO,C9JRNAMZ6,2024-10-22,57,0,
LZLO9LNDC,P9CD1LQJS,C9JRNAMZ6,2025-02-10,18,0,
LMB4BLDQL,PY620N8TT,C9JRNAMZ6,2025-05-16,1,0,
LQ1WMFPT0,PEHLH07JR,C9JRNAMZ6,2025-01-05,52,0,
L0E2QMK3U,P2OOUXQS1,C9JRNAMZ6,2025-06-21,15,0,
LHK6HMRTI,PWLC33H8G,C9JRNAMZ6,2025-01-26,74,0,
LEHC2YIX7,P2853UY8U,C9JRNAMZ6,2024-10-02,57,0,
L9PBRTG6C,P1SA3Y5T3,C9JRNAMZ6,2025-05-31,58,0,
L2RRA3PLC,PKBRH7LAY,C9JRNAMZ6,2025-04-29,74,0,
LGQLLX70R,P7SZPF9S9,C9JRNAMZ6,2025-03-09,73,0,
L3SDUDPRK,PROYR6CCV,C9JRNAMZ6,2025-06-03,53,0,
L5R0PNF3V,PJOQW5DSK,C9JRNAMZ6,2024-11-30,50,0,
LCLHOVU5W,PAUXBGK2W,C9JRNAMZ6,2025-06-06,76,0,
LP8MVU2YE,PLPVOWCP7,C9JRNAMZ6,2025-06-14,48,1,2025-07-08
LTTRUTI7Z,PMZSGIPPS,C9JRNAMZ6,2025-02-02,51,0,
LFZTOS6GK,P9DXOQ2VP,C9JRNAMZ6,2024-08-22,87,0,
LJ71K16Y0,PYIEJ9C0U,C9JRNAMZ6,2025-05-31,69,0,
LUPU536LZ,PNZ3A8V4X,C9JRNAMZ6,2024-11-21,50,0,
LMS804BFP,PEJ31GYMD,C9JRNAMZ6,2025-03-15,67,0,
LV0V6443K,PD7X48WZE,C9JRNAMZ6,2025-07-20,100,0,
LTX6QCALU,PJUY0BVR6,C9JRNAMZ6,2024-08-30,41,0,
LK87322HR,PKDGIGATJ,C146VEY0A,2025-01-06,48,0,
L5SOSC0WH,P6GMDRDSF,C146VEY0A,2024-10-07,51,0,
LS14ECI9R,PFLSEHUDS,C146VEY0A,2024-10-14,66,0,
LTJ6U5A2X,PJE2AB2RV,C146VEY0A,2025-04-24,49,0,
L54U44QUN,PTHSJR0FZ,C146VEY0A,2024-11-28,100,1,2024-12-04
LF57VH2D3,PNPRB58YJ,C146VEY0A,2024-12-14,64,0,
LLS11Q01Y,PY4X41DNT,C146VEY0A,2025-06-24,53,1,2025-07-21
LHYA0EIVA,P0EZZF8S2,C146VEY0A,2025-03-29,61,0,
L8T49LXLE,PYD82795E,C146VEY0A,2025-04-15,70,0,
L0BCT324Z,PG8NKDAT5,C146VEY0A,2024-11-15,29,0,
LBL5KZHCM,PX5WT3HJU,C146VEY0A,2025-02-28,80,0,
LZ2RNO6CY,PBE3YQY5F,C146VEY0A,2025-07-12,47,0,
LSVUHIWZW,P4ZW9XA3K,C146VEY0A,2024-09-12,44,0,
LT994PN8Q,P6ZS62YWE,C146VEY0A,2024-12-11,51,0,
LIX43IRGM,PB0OIH5CS,C146VEY0A,2025-05-03,82,0,
L5DKOYBES,PWX0I3A4K,C146VEY0A,2025-03-28,1,0,
LIRQ4TP1N,P7SZPF9S9,C146VEY0A,2025-07-11,31,0,
LA6KSNJCZ,PFSI159I3,C146VEY0A,2025-03-07,60,0,
LOBD9Q8WH,PBFEJ2XG4,C146VEY0A,2024-12-19,36,0,
LT37OJ98B,PKGMIH6MV,C146VEY0A,2025-05-30,62,0,
LYTE9AFPP,P929U6WTV,C146VEY0A,2025-01-12,66,0,
L7SDWYQTU,P5XYFC4KL,C146VEY0A,2025-03-31,49,0,
LV27UUBRJ,P0IMJYJCM,C146VEY0A,2025-03-16,42,0,
L174WYAGS,PBBXUX1OX,C146VEY0A,2025-04-15,23,0,
L1KWQJL8E,P7OQ2ZDO7,C146VEY0A,2025-06-12,65,0,
LZ31T6ERQ,PU8IOGXPB,C146VEY0A,2025-02-22,44,1,2025-03-11
L5A838921,PFFCXHGNZ,C146VEY0A,2025-05-01,54,1,2025-05-18
L4311BKHS,PRUNJDU0I,C146VEY0A,2025-05-15,28,0,
LSCRTP08I,PQI2CLP81,C146VEY0A,2025-05-10,76,0,
LIO1Q3DZV,PWLC33H8G,C146VEY0A,2025-04-30,81,0,
LWE8G358G,PCHO3XJVO,C146VEY0A,2025-07-03,19,0,
LEEJGBJXG,PK6Z0HR9T,C146VEY0A,2025-06-09,49,0,
L56W0MQA1,PJ3MUURMY,C146VEY0A,2024-12-26,100,0,
LCCYY4JUF,P2LNGIXMC,C146VEY0A,2024-10-06,56,0,
LN24XCRWD,PEUSWRGVZ,C146VEY0A,2024-09-15,20,0,
LWF1TQV0R,PH2M5ZJA8,C146VEY0A,2025-05-22,36,0,
L095UHGCR,PO7VBHH5O,C146VEY0A,2025-04-13,54,0,
LKFKJ6XHP,PTEIYZCOT,C146VEY0A,2024-08-27,59,0,
LD3BGNPYH,P6ZS62YWE,C146VEY0A,2025-05-22,47,0,
LRFOZG7FB,PSG65KXVF,C146VEY0A,2024-09-25,59,0,
LV2I6OEUH,PFFLZM764,C146VEY0A,2024-08-28,50,0,
L8VAQVBDI,PX7EEDTJV,C146VEY0A,2025-07-22,51,0,
LM28AQWD1,PMUFM8ZOV,C146VEY0A,2025-04-17,52,0,
LBQFDTNBS,P6XIYZVNL,C146VEY0A,2025-01-06,65,0,
L5XRGA3L7,PPFG8PJVR,C146VEY0A,2025-06-29,74,0,
L1029DG38,POI5J8YIT,C146VEY0A,2025-07-15,51,1,2025-08-12
LRAJIB931,PUIJNWPAY,C146VEY0A,2025-01-25,69,0,
LK26GFXAM,P94SZ2KUU,C146VEY0A,2024-08-18,48,0,
LHV1F070V,PCHO3XJVO,C146VEY0A,2024-09-22,75,0,
LK32RGWHG,PKGMIH6MV,C146VEY0A,2024-09-04,26,0,
LXMD7QCQ3,P3CUP8IJL,C146VEY0A,2025-04-06,46,0,
LZA8E83MT,PBE3YQY5F,C146VEY0A,2024-10-22,64,0,
LEBDUD8T7,PV9IBWGT2,C146VEY0A,2025-04-05,63,1,2025-04-25
LD2TO1KVT,P15IKPQAH,C146VEY0A,2024-08-08,30,0,
LORP59YEQ,PAKHEJLA0,C146VEY0A,2025-04-13,12,0,
L96SJQA0P,PRF5A7QY8,C146VEY0A,2025-02-23,22,0,
LX99DBK4E,PJZ6US7RP,C146VEY0A,2024-08-15,56,0,
LPBO01717,PW3GI60Q6,C146VEY0A,2025-01-15,93,0,
LHV0EHLIT,PUJQ6FX7X,C146VEY0A,2024-09-08,32,0,
LSJ8BFI8O,P53X1F8S0,C146VEY0A,2024-09-08,64,0,
LJGZACF0R,PYV37DIA5,C146VEY0A,2025-06-03,49,1,2025-06-28
L7FA6AHHC,PK0VM59M6,C146VEY0A,2024-10-04,61,1,2024-10-12
LASIKZOIE,PVFFQOT8H,C146VEY0A,2025-05-31,35,0,
LASU29EE2,P253J2D54,C146VEY0A,2025-06-02,31,0,
LA84N1W3E,PCVS4F8CG,C146VEY0A,2024-11-07,70,0,
LR70UT100,PI8F34GAD,C146VEY0A,2025-04-01,50,0,
LWNT0K987,PPR424TKB,C146VEY0A,2024-12-17,77,0,
L5TRJIB73,PJXEPQ85J,C146VEY0A,2024-09-18,51,0,
L9SYIED48,PIVXAN25W,C146VEY0A,2024-10-11,90,0,
LCD5LXTNJ,P0JDCLI69,C146VEY0A,2025-07-06,55,0,
LS18L9GJ4,PP97BMZRR,C146VEY0A,2024-11-22,93,0,
LANLIOBL7,PVI109DCN,C146VEY0A,2025-01-20,35,0,
LVJUZ5PFB,PRRPZLK3E,C146VEY0A,2025-05-12,39,0,
LCE5Z3ZTD,PI2OOQ42N,C146VEY0A,2025-06-17,75,0,
LS7XSV18F,P63YK03O4,C146VEY0A,2025-01-27,87,0,
L6FTSCJLE,P0UHK7X3B,C146VEY0A,2025-03-15,90,0,
LI6WGL8I9,PG983AMB3,C146VEY0A,2025-05-28,76,1,2025-06-26
LAKFD18TL,PEHFU4B9S,C146VEY0A,2025-05-10,74,0,
LTY7W29MA,PORIQ8HKE,C146VEY0A,2024-11-14,45,0,
LX6EBQGBP,PTMOFMMWI,C146VEY0A,2025-04-19,15,0,
LADUSQB00,PASNWYWRR,C94XFRI09,2025-01-15,49,0,
LG9E07PME,PW5WFCPKJ,C94XFRI09,2025-05-09,75,0,
LXJTNRP1I,P86GVGT2E,C94XFRI09,2025-04-20,24,0,
L3661L08K,P2KODWH8N,C94XFRI09,2024-11-08,78,0,
LGFP94K3A,P0IB3WYZX,C94XFRI09,2024-12-02,46,0,
LWLAR0WH0,PXTXMGTT0,C94XFRI09,2025-04-28,56,0,
LRFIUPROG,P6ZS62YWE,C94XFRI09,2025-05-26,64,0,
L710EQ8O9,P11BD2SCE,C94XFRI09,2025-01-01,56,0,
LS4ZNMZOF,P6QLZ2RWG,C94XFRI09,2025-04-15,28,0,
LE98WP94P,PVFUA9BQ1,C94XFRI09,2025-03-21,34,0,
L4JWR3XUX,P11BD2SCE,C94XFRI09,2024-08-15,72,0,
LNB9DSSRK,PJ84RX6PR,C94XFRI09,2024-12-27,57,0,
LFI53LLP0,PA5XIN9DL,C94XFRI09,2025-03-14,74,0,
LNFDD2PJ0,PDPDXUJJC,C94XFRI09,2024-12-30,99,0,
LMMUG8XJK,P1T2TALA7,C94XFRI09,2025-03-13,56,0,
L31DZRHTT,P0IB3WYZX,C94XFRI09,2025-03-29,25,0,
LQAYIIY2S,PDDAFS1IY,C94XFRI09,2025-07-17,87,0,
L530TJ2T9,P2P2TIXC7,C94XFRI09,2024-09-09,44,0,
LO5A439GF,PGNZS43C5,C94XFRI09,2025-01-22,56,0,
L5LXK2G5E,PXUJ3AC6P,C94XFRI09,2024-09-14,36,0,
LOL0TA8RD,PVBGR8W2M,C94XFRI09,2025-01-01,42,0,
L05N9HCZD,PVZHQJY62,C94XFRI09,2025-07-25,65,0,
LQ3W6BDJ7,PSQ0OXFQ8,C94XFRI09,2025-03-16,97,0,
LH7REDY0V,P153SFLSE,C94XFRI09,2025-03-09,41,0,
LQXO2DWN7,PO091C795,C94XFRI09,2024-09-12,36,0,
L17YW1BSD,P6PRR7MZA,C94XFRI09,2024-12-01,25,1,2024-12-26
LX4W3LNAE,PIQUWRXZE,C94XFRI09,2025-04-24,37,0,
LHPITZA7U,PWMBXEK0Q,C94XFRI09,2024-08-26,79,0,
LY4SAEQ1Z,PSQ0P82KB,C94XFRI09,2025-02-05,72,0,
LQ8DAYDW9,PIVZG92SJ,C94XFRI09,2025-07-20,66,0,
LF6Y5V9JR,PBFEJ2XG4,C94XFRI09,2025-07-16,63,0,
LEHMIQP56,PY620N8TT,C94XFRI09,2024-08-25,87,1,2024-09-06
LA2TYZNM5,POMUWAHK2,C94XFRI09,2024-10-26,35,0,
LSAXYK2E5,PSNBTI22N,C94XFRI09,2024-10-13,47,0,
L8F3OB9V1,P3CUP8IJL,C94XFRI09,2025-06-29,70,0,
LT4JXA2YM,PN48UACT4,C94XFRI09,2025-02-07,31,0,
LPYI46N05,PD0TGSIWG,C94XFRI09,2024-12-20,60,1,2024-12-28
LFL0463NA,PU7BFXQ7B,C94XFRI09,2025-01-08,33,0,
L7HN98X16,P874FRHOC,C94XFRI09,2024-08-19,17,0,
LF4ZZW5UK,P6APFXI5N,C94XFRI09,2025-01-31,77,0,
L4SHA60V3,PVGWW4FYB,C94XFRI09,2025-06-03,59,0,
L3LIFNCRN,PRWSKP6RF,C94XFRI09,2025-05-02,49,0,
L3TNKZIY7,PFWDC112H,C94XFRI09,2025-04-06,67,0,
L5ITDL35J,P5IAN8ND7,C94XFRI09,2025-01-18,75,1,2025-02-04
LRJ9R3VP8,PEK4AEGVF,C94XFRI09,2025-07-29,69,0,
LLIM06ETC,PKZ40AQ15,C94XFRI09,2024-08-13,62,0,
LQR3EV1RD,PZWFFHHCM,C94XFRI09,2025-05-25,63,1,2025-06-11
LNF4X13QI,PTHET25LZ,C94XFRI09,2025-04-11,44,0,
LNF2P091P,PY36DDFGS,C94XFRI09,2025-04-13,47,0,
LQFMPAH3Q,PQQYZQII4,C94XFRI09,2024-11-21,100,0,
LN21R91R0,P9L3H03ZB,C94XFRI09,2025-06-06,37,0,
LHRLIAGP3,POZ0KZ4Z7,C94XFRI09,2025-03-04,75,0,
L4SLQGBUL,PWLXDSC4E,C94XFRI09,2024-09-24,42,0,
L1OT96GSK,P6IT1EKKH,C94XFRI09,2025-05-08,53,0,
LBOJAXNHR,PUZFK8UT0,C94XFRI09,2024-10-02,52,0,
LC4HM08OP,PSLG6MM1Z,C94XFRI09,2024-10-08,41,0,
LEVHTZ4VO,P6KF1622V,C94XFRI09,2025-03-24,77,0,
LYBJ7SOYG,PDTBH55RB,C94XFRI09,2025-02-06,59,1,2025-02-27
LY21JMAS4,PCHO3XJVO,C94XFRI09,2024-08-30,58,1,2024-09-20
L1RU08L4P,P9CD1LQJS,C94XFRI09,2025-01-27,77,0,
LJAGXLQ0S,PP3LYEX3S,C94XFRI09,2025-03-18,59,0,
L5RMJPCZA,PJ3MUURMY,C94XFRI09,2025-06-12,42,1,2025-06-23
L3SFGHO4Q,PRUNJDU0I,C94XFRI09,2025-04-01,49,0,
LHCG7FD14,PLJEFY3ZB,C94XFRI09,2025-04-12,32,0,
L3XRV8DF2,PN9WSZV83,C94XFRI09,2024-08-23,31,0,
LF5NK4OTB,P6KHUB2RT,C94XFRI09,2025-06-14,44,0,
LGDPUH4GB,P6SM5RRVS,C94XFRI09,2025-07-22,29,0,
LGO8UTD9J,P41IBLJH7,C94XFRI09,2024-09-10,51,0,
LYJ3CT5Q5,PRPKZGGM0,C94XFRI09,2025-02-07,50,0,
L173C7Q25,PRXDOUADV,C94XFRI09,2024-12-20,58,0,
LY7KHG4G7,PCHO3XJVO,C94XFRI09,2024-11-06,69,0,
LNIE3FKP9,P1JRJ5XFE,C94XFRI09,2025-01-08,57,0,
L6AIU01LC,PCHJ755NF,C94XFRI09,2024-08-08,51,0,
L5WW9LZHV,P5IAN8ND7,C94XFRI09,2025-05-27,83,1,2025-06-02
LEZ9RTD6E,PAEA84HXX,C94XFRI09,2025-07-21,100,0,
LNMB9UPEP,P5HRDU4XS,C94XFRI09,2025-01-26,62,0,
LPOLG5TK9,POKEP7Y6W,C94XFRI09,2025-02-02,45,0,
LVJ0VA0ST,PWXRUM2LH,C94XFRI09,2025-03-08,63,0,
LKA0914AB,PTHSJR0FZ,C94XFRI09,2025-07-22,70,1,2025-07-26
LAZD84VF1,PZGE2J51B,C94XFRI09,2025-02-09,26,0,
L6185IBJU,P5E8OSAQ3,C94XFRI09,2024-09-01,61,0,
LBI6MGHAG,PKEH5SW22,C94XFRI09,2024-09-16,72,0,
LMB362M9E,PTIRC9ZD7,C94XFRI09,2025-06-07,62,0,
L5IMLZ6IO,P6QDY4LMC,C94XFRI09,2024-11-09,43,0,
LSTUZHG1G,PC37RLN36,C94XFRI09,2024-10-31,63,0,
LF4OFPATM,PEHLH07JR,C94XFRI09,2025-02-12,51,1,2025-03-10
L0TXE321D,PG24479QT,C94XFRI09,2025-04-21,50,0,
L5C21O6WW,PC1Y5AYYO,C94XFRI09,2025-04-30,53,0,
L8EIRHRLN,POB5APO4L,C94XFRI09,2025-03-02,48,1,2025-03-14
LF6NV5XU6,PCD31NRXD,C94XFRI09,2025-04-13,100,0,
LM9DEOCIR,PBZUG0IT2,C94XFRI09,2024-08-16,78,0,
LIO74JLYS,PIN3OEUVT,C94XFRI09,2024-11-13,62,0,
L7JD6Z6PQ,P6PRR7MZA,C94XFRI09,2025-05-14,52,0,
L1AUF0TJ5,PJJA26YFP,C94XFRI09,2025-03-09,64,0,
LJGZCY4ML,PXB4Y4K7B,C94XFRI09,2024-12-22,22,0,
LJZFUDI4S,PEGI3QUPX,C94XFRI09,2025-06-28,75,0,
LP7QFQ9N0,PKTAKPUXQ,C94XFRI09,2025-01-25,32,0,
L4FDTZJ2L,PEHFU4B9S,C94XFRI09,2024-10-13,22,0,
L72V08KTR,P89I9GX32,C94XFRI09,2025-04-20,29,0,
LPW3HHIGV,PHN14EB87,C94XFRI09,2025-02-23,30,0,
LUMMWCMZX,P9S3W563B,C94XFRI09,2024-08-26,62,0,
L8J5MS20T,PEK4AEGVF,C94XFRI09,2024-08-17,65,0,
L3T9LP2E2,PJOQW5DSK,C94XFRI09,2025-04-15,71,0,
LASOEVGKH,PO091C795,C94XFRI09,2025-02-18,91,0,
L250CVGFG,PU8IOGXPB,C94XFRI09,2024-08-09,36,0,
LM1TM27O1,PZ3JBCK88,C94XFRI09,2025-07-15,21,0,
L9QTG15XD,PEQE5158O,C94XFRI09,2025-02-15,49,1,2025-02-22
L82IJKUV2,PC8NOG85D,C94XFRI09,2025-05-27,90,0,
LVXO3PEOJ,PSWBKOK3Q,C94XFRI09,2024-12-13,44,0,
L3M48NGC4,P1T2TALA7,C94XFRI09,2025-04-21,50,1,2025-05-09
LXAIC0DHN,P53EGDD8M,C94XFRI09,2025-03-04,38,0,
LHWEKQDVN,PW3ZP08J3,C94XFRI09,2025-02-10,49,0,
LAB87FRBO,PCAGRP2U4,C94XFRI09,2025-05-31,58,0,
LO703B95O,PYT8QZPKY,C94XFRI09,2025-03-05,90,1,2025-03-09
LHS7AUIGJ,P9MX2X18H,C94XFRI09,2025-01-25,51,1,2025-02-11
LD3X4YH5H,PHR07N8VO,C94XFRI09,2025-01-09,90,0,
LOA7WKDPE,PGV0E38DA,C94XFRI09,2025-07-13,79,0,
LHDM6K6HG,PN5E0EV6X,C94XFRI09,2025-05-08,40,0,
LQ6SRP7B4,PV80LKX1S,C94XFRI09,2025-03-27,29,0,
